{"type":"FeatureCollection","features":[{"type":"Feature","geometry":{"type":"Point","coordinates":[-77.70425014554495,-13.50112187926387]},"properties":{"Biome":"Tropical rainforest","variant":0,"scale":1.12,"icon":"forest-tropical-rainforest-0"}},{"type":"Feature","geometry":{"type":"Point","coordinates":[-76.09557629348768,-13.114943935452578]},"properties":{"Biome":"Tropical rainforest","variant":1,"scale":1.119,"icon":"forest-tropical-rainforest-1"}},{"type":"Feature","geometry":{"type":"Point","coordinates":[-77.2202909722449,-14.373232530572967]},"properties":{"Biome":"Tropical rainforest","variant":0,"scale":0.913,"icon":"forest-tropical-rainforest-0"}},{"type":"Feature","geometry":{"type":"Point","coordinates":[-76.67696014451596,-12.484876447235793]},"properties":{"Biome":"Tropical rainforest","variant":0,"scale":1.082,"icon":"forest-tropical-rainforest-0"}},{"type":"Feature","geometry":{"type":"Point","coordinates":[-77.41605176727143,-11.257461524181958]},"properties":{"Biome":"Tropical rainforest","variant":0,"scale":0.95,"icon":"forest-tropical-rainforest-0"}},{"type":"Feature","geometry":{"type":"Point","coordinates":[-79.21264726583124,-9.934403376060066]},"properties":{"Biome":"Tropical rainforest","variant":0,"scale":0.934,"icon":"forest-tropical-rainforest-0"}},{"type":"Feature","geometry":{"type":"Point","coordinates":[-83.87084935150818,-10.184414545247193]},"properties":{"Biome":"Tropical rainforest","variant":1,"scale":1.098,"icon":"forest-tropical-rainforest-1"}},{"type":"Feature","geometry":{"type":"Point","coordinates":[-84.24362506834807,-9.443959980792393]},"properties":{"Biome":"Tropical rainforest","variant":1,"scale":1.04,"icon":"forest-tropical-rainforest-1"}},{"type":"Feature","geometry":{"type":"Point","coordinates":[-78.5989020560961,-10.56586299231316]},"properties":{"Biome":"Tropical rainforest","variant":1,"scale":0.926,"icon":"forest-tropical-rainforest-1"}},{"type":"Feature","geometry":{"type":"Point","coordinates":[-79.1504842558497,-10.792095819960752]},"properties":{"Biome":"Tropical rainforest","variant":2,"scale":1.077,"icon":"forest-tropical-rainforest-2"}},{"type":"Feature","geometry":{"type":"Point","coordinates":[-77.68661865214287,-9.25993325337526]},"properties":{"Biome":"Tropical rainforest","variant":0,"scale":0.98,"icon":"forest-tropical-rainforest-0"}},{"type":"Feature","geometry":{"type":"Point","coordinates":[-85.75847300525113,-9.053119850521313]},"properties":{"Biome":"Tropical rainforest","variant":2,"scale":0.925,"icon":"forest-tropical-rainforest-2"}},{"type":"Feature","geometry":{"type":"Point","coordinates":[-73.5572158740584,-0.14486727919990652]},"properties":{"Biome":"Tropical rainforest","variant":2,"scale":1.1,"icon":"forest-tropical-rainforest-2"}},{"type":"Feature","geometry":{"type":"Point","coordinates":[-73.27433159944951,0.1551072296451784]},"properties":{"Biome":"Tropical rainforest","variant":2,"scale":0.886,"icon":"forest-tropical-rainforest-2"}},{"type":"Feature","geometry":{"type":"Point","coordinates":[-73.37482221542754,-0.1644598503975351]},"properties":{"Biome":"Tropical rainforest","variant":2,"scale":1.05,"icon":"forest-tropical-rainforest-2"}},{"type":"Feature","geometry":{"type":"Point","coordinates":[-69.17067559299055,-1.1653182483193056]},"properties":{"Biome":"Tropical rainforest","variant":1,"scale":1.06,"icon":"forest-tropical-rainforest-1"}},{"type":"Feature","geometry":{"type":"Point","coordinates":[-73.1627091625312,-0.3170458730084545]},"properties":{"Biome":"Tropical rainforest","variant":0,"scale":0.896,"icon":"forest-tropical-rainforest-0"}},{"type":"Feature","geometry":{"type":"Point","coordinates":[-69.78124518027037,0.03447821204169834]},"properties":{"Biome":"Tropical rainforest","variant":2,"scale":1.089,"icon":"forest-tropical-rainforest-2"}},{"type":"Feature","geometry":{"type":"Point","coordinates":[-69.37743191065553,0.07382317459246819]},"properties":{"Biome":"Tropical rainforest","variant":0,"scale":0.893,"icon":"forest-tropical-rainforest-0"}},{"type":"Feature","geometry":{"type":"Point","coordinates":[-68.00367205333721,-2.3834788978769748]},"properties":{"Biome":"Tropical rainforest","variant":0,"scale":0.898,"icon":"forest-tropical-rainforest-0"}},{"type":"Feature","geometry":{"type":"Point","coordinates":[-68.79093629253519,-1.6125774184628128]},"properties":{"Biome":"Tropical rainforest","variant":1,"scale":0.93,"icon":"forest-tropical-rainforest-1"}},{"type":"Feature","geometry":{"type":"Point","coordinates":[-69.96612892742735,-3.765837504348896]},"properties":{"Biome":"Tropical rainforest","variant":2,"scale":1.05,"icon":"forest-tropical-rainforest-2"}},{"type":"Feature","geometry":{"type":"Point","coordinates":[-75.72126979043016,-1.1255646487556985]},"properties":{"Biome":"Tropical rainforest","variant":2,"scale":1.059,"icon":"forest-tropical-rainforest-2"}},{"type":"Feature","geometry":{"type":"Point","coordinates":[-68.37917032960017,-1.475006683260049]},"properties":{"Biome":"Tropical rainforest","variant":0,"scale":1.026,"icon":"forest-tropical-rainforest-0"}},{"type":"Feature","geometry":{"type":"Point","coordinates":[-68.33135165819692,-1.3824589944407295]},"properties":{"Biome":"Tropical rainforest","variant":1,"scale":0.988,"icon":"forest-tropical-rainforest-1"}},{"type":"Feature","geometry":{"type":"Point","coordinates":[-70.51387004115482,0.2677208991323344]},"properties":{"Biome":"Tropical rainforest","variant":2,"scale":0.905,"icon":"forest-tropical-rainforest-2"}},{"type":"Feature","geometry":{"type":"Point","coordinates":[-75.73449106858456,-0.7819798136827437]},"properties":{"Biome":"Tropical rainforest","variant":2,"scale":0.945,"icon":"forest-tropical-rainforest-2"}},{"type":"Feature","geometry":{"type":"Point","coordinates":[-73.93640493131869,1.6744666429266521]},"properties":{"Biome":"Tropical rainforest","variant":1,"scale":1.068,"icon":"forest-tropical-rainforest-1"}},{"type":"Feature","geometry":{"type":"Point","coordinates":[-68.40058695645423,-0.862248968464171]},"properties":{"Biome":"Tropical rainforest","variant":1,"scale":0.954,"icon":"forest-tropical-rainforest-1"}},{"type":"Feature","geometry":{"type":"Point","coordinates":[-71.57503688242561,-1.0750991370811895]},"properties":{"Biome":"Tropical rainforest","variant":0,"scale":1.012,"icon":"forest-tropical-rainforest-0"}},{"type":"Feature","geometry":{"type":"Point","coordinates":[-71.30187657110481,-0.8512248613719027]},"properties":{"Biome":"Tropical rainforest","variant":0,"scale":0.925,"icon":"forest-tropical-rainforest-0"}},{"type":"Feature","geometry":{"type":"Point","coordinates":[-73.64791373161583,6.995729804956537]},"properties":{"Biome":"Tropical rainforest","variant":2,"scale":1.103,"icon":"forest-tropical-rainforest-2"}},{"type":"Feature","geometry":{"type":"Point","coordinates":[-74.06736948757684,11.974975153625518]},"properties":{"Biome":"Tropical rainforest","variant":0,"scale":0.949,"icon":"forest-tropical-rainforest-0"}},{"type":"Feature","geometry":{"type":"Point","coordinates":[-76.63233103757398,6.241759526890146]},"properties":{"Biome":"Tropical rainforest","variant":1,"scale":1.069,"icon":"forest-tropical-rainforest-1"}},{"type":"Feature","geometry":{"type":"Point","coordinates":[-71.74251754167688,12.37813433285365]},"properties":{"Biome":"Tropical rainforest","variant":2,"scale":1.014,"icon":"forest-tropical-rainforest-2"}},{"type":"Feature","geometry":{"type":"Point","coordinates":[-73.29207363622761,11.277546589969333]},"properties":{"Biome":"Tropical rainforest","variant":0,"scale":1.005,"icon":"forest-tropical-rainforest-0"}},{"type":"Feature","geometry":{"type":"Point","coordinates":[-75.85331631501587,10.039369469654506]},"properties":{"Biome":"Tropical rainforest","variant":1,"scale":0.961,"icon":"forest-tropical-rainforest-1"}},{"type":"Feature","geometry":{"type":"Point","coordinates":[-72.76056768749152,11.242890767110344]},"properties":{"Biome":"Tropical rainforest","variant":1,"scale":0.928,"icon":"forest-tropical-rainforest-1"}},{"type":"Feature","geometry":{"type":"Point","coordinates":[-75.39408888071043,5.584365804873992]},"properties":{"Biome":"Tropical rainforest","variant":0,"scale":0.963,"icon":"forest-tropical-rainforest-0"}},{"type":"Feature","geometry":{"type":"Point","coordinates":[-76.37554222461881,6.12776908225333]},"properties":{"Biome":"Tropical rainforest","variant":2,"scale":1.022,"icon":"forest-tropical-rainforest-2"}},{"type":"Feature","geometry":{"type":"Point","coordinates":[-74.3147310884368,8.464328323916874]},"properties":{"Biome":"Tropical rainforest","variant":1,"scale":1.084,"icon":"forest-tropical-rainforest-1"}},{"type":"Feature","geometry":{"type":"Point","coordinates":[-72.82532243260104,6.665679663452404]},"properties":{"Biome":"Tropical rainforest","variant":1,"scale":1.065,"icon":"forest-tropical-rainforest-1"}},{"type":"Feature","geometry":{"type":"Point","coordinates":[-75.61152088329081,6.56878345972576]},"properties":{"Biome":"Tropical rainforest","variant":1,"scale":0.991,"icon":"forest-tropical-rainforest-1"}},{"type":"Feature","geometry":{"type":"Point","coordinates":[-75.19375995981676,9.485834397331976]},"properties":{"Biome":"Tropical rainforest","variant":1,"scale":1.105,"icon":"forest-tropical-rainforest-1"}},{"type":"Feature","geometry":{"type":"Point","coordinates":[-74.0045418888091,10.212211720232803]},"properties":{"Biome":"Tropical rainforest","variant":1,"scale":1.11,"icon":"forest-tropical-rainforest-1"}},{"type":"Feature","geometry":{"type":"Point","coordinates":[-76.79881587966466,6.6094075563807575]},"properties":{"Biome":"Tropical rainforest","variant":0,"scale":1.032,"icon":"forest-tropical-rainforest-0"}},{"type":"Feature","geometry":{"type":"Point","coordinates":[-76.10625406752047,8.803206937991794]},"properties":{"Biome":"Tropical rainforest","variant":1,"scale":0.898,"icon":"forest-tropical-rainforest-1"}},{"type":"Feature","geometry":{"type":"Point","coordinates":[-73.58271690307042,7.10998317295985]},"properties":{"Biome":"Tropical rainforest","variant":0,"scale":1.099,"icon":"forest-tropical-rainforest-0"}},{"type":"Feature","geometry":{"type":"Point","coordinates":[-70.397249121292,12.579725063355495]},"properties":{"Biome":"Tropical rainforest","variant":2,"scale":1.072,"icon":"forest-tropical-rainforest-2"}},{"type":"Feature","geometry":{"type":"Point","coordinates":[-74.14422383727559,5.254035050595066]},"properties":{"Biome":"Tropical rainforest","variant":2,"scale":0.94,"icon":"forest-tropical-rainforest-2"}},{"type":"Feature","geometry":{"type":"Point","coordinates":[-75.75922136493321,5.936422754862454]},"properties":{"Biome":"Tropical rainforest","variant":2,"scale":1.057,"icon":"forest-tropical-rainforest-2"}},{"type":"Feature","geometry":{"type":"Point","coordinates":[-75.11976459313897,8.165239826748794]},"properties":{"Biome":"Tropical rainforest","variant":0,"scale":1.072,"icon":"forest-tropical-rainforest-0"}},{"type":"Feature","geometry":{"type":"Point","coordinates":[-71.21137138160066,1.7042493101499467]},"properties":{"Biome":"Tropical rainforest","variant":1,"scale":0.908,"icon":"forest-tropical-rainforest-1"}},{"type":"Feature","geometry":{"type":"Point","coordinates":[-60.13285039854963,-7.066265449300217]},"properties":{"Biome":"Tropical rainforest","variant":1,"scale":0.939,"icon":"forest-tropical-rainforest-1"}},{"type":"Feature","geometry":{"type":"Point","coordinates":[-52.09093621681841,-7.627087413227468]},"properties":{"Biome":"Tropical rainforest","variant":0,"scale":0.936,"icon":"forest-tropical-rainforest-0"}},{"type":"Feature","geometry":{"type":"Point","coordinates":[-64.83067350108071,-3.135198033684891]},"properties":{"Biome":"Tropical rainforest","variant":0,"scale":1.062,"icon":"forest-tropical-rainforest-0"}},{"type":"Feature","geometry":{"type":"Point","coordinates":[-62.442574789878485,-4.4328741166587005]},"properties":{"Biome":"Tropical rainforest","variant":1,"scale":0.882,"icon":"forest-tropical-rainforest-1"}},{"type":"Feature","geometry":{"type":"Point","coordinates":[-50.87400660494604,-7.455331439540653]},"properties":{"Biome":"Tropical rainforest","variant":2,"scale":0.972,"icon":"forest-tropical-rainforest-2"}},{"type":"Feature","geometry":{"type":"Point","coordinates":[-60.47406189951651,-6.902809226292661]},"properties":{"Biome":"Tropical rainforest","variant":1,"scale":1.028,"icon":"forest-tropical-rainforest-1"}},{"type":"Feature","geometry":{"type":"Point","coordinates":[-52.78064355315683,-7.26767012869824]},"properties":{"Biome":"Tropical rainforest","variant":2,"scale":0.884,"icon":"forest-tropical-rainforest-2"}},{"type":"Feature","geometry":{"type":"Point","coordinates":[-64.23495378256003,-1.1432004054936729]},"properties":{"Biome":"Tropical rainforest","variant":0,"scale":0.944,"icon":"forest-tropical-rainforest-0"}},{"type":"Feature","geometry":{"type":"Point","coordinates":[-65.9430705970581,-2.484824436647625]},"properties":{"Biome":"Tropical rainforest","variant":2,"scale":1.102,"icon":"forest-tropical-rainforest-2"}},{"type":"Feature","geometry":{"type":"Point","coordinates":[-59.869444123376304,-7.018416004329316]},"properties":{"Biome":"Tropical rainforest","variant":1,"scale":0.941,"icon":"forest-tropical-rainforest-1"}},{"type":"Feature","geometry":{"type":"Point","coordinates":[-62.39511330534475,-3.8700160689035923]},"properties":{"Biome":"Tropical rainforest","variant":0,"scale":1.05,"icon":"forest-tropical-rainforest-0"}},{"type":"Feature","geometry":{"type":"Point","coordinates":[-51.59000145528105,-8.133842984850881]},"properties":{"Biome":"Tropical rainforest","variant":2,"scale":0.945,"icon":"forest-tropical-rainforest-2"}},{"type":"Feature","geometry":{"type":"Point","coordinates":[-59.074058510212275,-8.06756287918637]},"properties":{"Biome":"Tropical rainforest","variant":0,"scale":0.916,"icon":"forest-tropical-rainforest-0"}},{"type":"Feature","geometry":{"type":"Point","coordinates":[-55.87801208225392,-8.557894851860857]},"properties":{"Biome":"Tropical rainforest","variant":0,"scale":0.945,"icon":"forest-tropical-rainforest-0"}},{"type":"Feature","geometry":{"type":"Point","coordinates":[-63.249561083041044,-3.343115979969147]},"properties":{"Biome":"Tropical rainforest","variant":0,"scale":0.934,"icon":"forest-tropical-rainforest-0"}},{"type":"Feature","geometry":{"type":"Point","coordinates":[-45.00992774192065,4.674093324101472]},"properties":{"Biome":"Tropical rainforest","variant":2,"scale":1.031,"icon":"forest-tropical-rainforest-2"}},{"type":"Feature","geometry":{"type":"Point","coordinates":[-46.61967179764075,5.633116174397873]},"properties":{"Biome":"Tropical rainforest","variant":2,"scale":0.888,"icon":"forest-tropical-rainforest-2"}},{"type":"Feature","geometry":{"type":"Point","coordinates":[-45.12062965900232,6.392570690008035]},"properties":{"Biome":"Tropical rainforest","variant":2,"scale":1.091,"icon":"forest-tropical-rainforest-2"}},{"type":"Feature","geometry":{"type":"Point","coordinates":[-49.56929488375222,7.403775075785992]},"properties":{"Biome":"Tropical rainforest","variant":1,"scale":0.996,"icon":"forest-tropical-rainforest-1"}},{"type":"Feature","geometry":{"type":"Point","coordinates":[-46.287413551420634,6.8313563806837125]},"properties":{"Biome":"Tropical rainforest","variant":0,"scale":1.03,"icon":"forest-tropical-rainforest-0"}},{"type":"Feature","geometry":{"type":"Point","coordinates":[-47.448552741814794,6.73801652266418]},"properties":{"Biome":"Tropical rainforest","variant":0,"scale":0.977,"icon":"forest-tropical-rainforest-0"}},{"type":"Feature","geometry":{"type":"Point","coordinates":[-52.713083156473125,7.7629051422238895]},"properties":{"Biome":"Tropical rainforest","variant":1,"scale":0.898,"icon":"forest-tropical-rainforest-1"}},{"type":"Feature","geometry":{"type":"Point","coordinates":[-53.84194517549245,8.734246006624259]},"properties":{"Biome":"Tropical rainforest","variant":1,"scale":0.988,"icon":"forest-tropical-rainforest-1"}},{"type":"Feature","geometry":{"type":"Point","coordinates":[-47.4320857639895,-6.190186127139485]},"properties":{"Biome":"Tropical rainforest","variant":0,"scale":0.984,"icon":"forest-tropical-rainforest-0"}},{"type":"Feature","geometry":{"type":"Point","coordinates":[-32.14631445560609,-0.7813797292428247]},"properties":{"Biome":"Tropical rainforest","variant":2,"scale":1.032,"icon":"forest-tropical-rainforest-2"}},{"type":"Feature","geometry":{"type":"Point","coordinates":[-31.061925839455768,1.4786213374578168]},"properties":{"Biome":"Tropical rainforest","variant":2,"scale":1.117,"icon":"forest-tropical-rainforest-2"}},{"type":"Feature","geometry":{"type":"Point","coordinates":[-27.282375679194633,4.784169514965277]},"properties":{"Biome":"Tropical rainforest","variant":2,"scale":1.04,"icon":"forest-tropical-rainforest-2"}},{"type":"Feature","geometry":{"type":"Point","coordinates":[-27.939288224636915,3.108664341224369]},"properties":{"Biome":"Tropical rainforest","variant":1,"scale":1.037,"icon":"forest-tropical-rainforest-1"}},{"type":"Feature","geometry":{"type":"Point","coordinates":[-25.556048294220652,5.064318239592233]},"properties":{"Biome":"Tropical rainforest","variant":2,"scale":1.08,"icon":"forest-tropical-rainforest-2"}},{"type":"Feature","geometry":{"type":"Point","coordinates":[-33.427540638419714,3.4230158938876505]},"properties":{"Biome":"Tropical rainforest","variant":0,"scale":0.979,"icon":"forest-tropical-rainforest-0"}},{"type":"Feature","geometry":{"type":"Point","coordinates":[-30.990984645446034,-0.3934278487805769]},"properties":{"Biome":"Tropical rainforest","variant":0,"scale":1.107,"icon":"forest-tropical-rainforest-0"}},{"type":"Feature","geometry":{"type":"Point","coordinates":[-29.03326909860183,2.7811121145118713]},"properties":{"Biome":"Tropical rainforest","variant":2,"scale":0.979,"icon":"forest-tropical-rainforest-2"}},{"type":"Feature","geometry":{"type":"Point","coordinates":[-31.587443087379587,2.1344544149969065]},"properties":{"Biome":"Tropical rainforest","variant":2,"scale":0.97,"icon":"forest-tropical-rainforest-2"}},{"type":"Feature","geometry":{"type":"Point","coordinates":[-29.935951245485658,-0.07290310571564833]},"properties":{"Biome":"Tropical rainforest","variant":1,"scale":1.003,"icon":"forest-tropical-rainforest-1"}},{"type":"Feature","geometry":{"type":"Point","coordinates":[-27.588801738803152,2.5280169470305744]},"properties":{"Biome":"Tropical rainforest","variant":0,"scale":0.954,"icon":"forest-tropical-rainforest-0"}},{"type":"Feature","geometry":{"type":"Point","coordinates":[-28.649532405779244,2.9295056149449126]},"properties":{"Biome":"Tropical rainforest","variant":2,"scale":1.038,"icon":"forest-tropical-rainforest-2"}},{"type":"Feature","geometry":{"type":"Point","coordinates":[-30.269661357437307,-0.1322492365504092]},"properties":{"Biome":"Tropical rainforest","variant":1,"scale":0.895,"icon":"forest-tropical-rainforest-1"}},{"type":"Feature","geometry":{"type":"Point","coordinates":[-40.84084974331495,3.63034964186596]},"properties":{"Biome":"Tropical rainforest","variant":0,"scale":1.055,"icon":"forest-tropical-rainforest-0"}},{"type":"Feature","geometry":{"type":"Point","coordinates":[-43.010337292905234,6.5008473865673695]},"properties":{"Biome":"Tropical rainforest","variant":2,"scale":1.083,"icon":"forest-tropical-rainforest-2"}},{"type":"Feature","geometry":{"type":"Point","coordinates":[-42.9188722690221,5.62273149632776]},"properties":{"Biome":"Tropical rainforest","variant":0,"scale":0.895,"icon":"forest-tropical-rainforest-0"}},{"type":"Feature","geometry":{"type":"Point","coordinates":[-41.84072708632056,4.834453642388369]},"properties":{"Biome":"Tropical rainforest","variant":0,"scale":1.01,"icon":"forest-tropical-rainforest-0"}},{"type":"Feature","geometry":{"type":"Point","coordinates":[-43.937317329535595,4.809310362494356]},"properties":{"Biome":"Tropical rainforest","variant":1,"scale":1.049,"icon":"forest-tropical-rainforest-1"}},{"type":"Feature","geometry":{"type":"Point","coordinates":[-33.436058291504644,4.29706810508722]},"properties":{"Biome":"Tropical rainforest","variant":1,"scale":0.939,"icon":"forest-tropical-rainforest-1"}},{"type":"Feature","geometry":{"type":"Point","coordinates":[-29.46200989029302,27.868803846661162]},"properties":{"Biome":"Tropical rainforest","variant":1,"scale":0.884,"icon":"forest-tropical-rainforest-1"}},{"type":"Feature","geometry":{"type":"Point","coordinates":[-28.813632150363585,28.19579030709184]},"properties":{"Biome":"Tropical rainforest","variant":2,"scale":1.015,"icon":"forest-tropical-rainforest-2"}},{"type":"Feature","geometry":{"type":"Point","coordinates":[-31.375968648004097,27.15307604270205]},"properties":{"Biome":"Tropical rainforest","variant":0,"scale":0.961,"icon":"forest-tropical-rainforest-0"}},{"type":"Feature","geometry":{"type":"Point","coordinates":[-28.916141101429048,28.193395599133787]},"properties":{"Biome":"Tropical rainforest","variant":2,"scale":1.011,"icon":"forest-tropical-rainforest-2"}},{"type":"Feature","geometry":{"type":"Point","coordinates":[-28.920056320593652,29.09100404310694]},"properties":{"Biome":"Tropical rainforest","variant":2,"scale":1.008,"icon":"forest-tropical-rainforest-2"}},{"type":"Feature","geometry":{"type":"Point","coordinates":[-18.428398341842154,22.22744235635304]},"properties":{"Biome":"Tropical rainforest","variant":1,"scale":0.907,"icon":"forest-tropical-rainforest-1"}},{"type":"Feature","geometry":{"type":"Point","coordinates":[-19.193736701693428,23.015813605604368]},"properties":{"Biome":"Tropical rainforest","variant":1,"scale":0.975,"icon":"forest-tropical-rainforest-1"}},{"type":"Feature","geometry":{"type":"Point","coordinates":[-31.21284911967596,28.75091703288612]},"properties":{"Biome":"Tropical rainforest","variant":1,"scale":1.012,"icon":"forest-tropical-rainforest-1"}},{"type":"Feature","geometry":{"type":"Point","coordinates":[-28.456915027814095,28.23641028779062]},"properties":{"Biome":"Tropical rainforest","variant":1,"scale":1.031,"icon":"forest-tropical-rainforest-1"}},{"type":"Feature","geometry":{"type":"Point","coordinates":[-21.542460311419994,25.613550262193602]},"properties":{"Biome":"Tropical rainforest","variant":1,"scale":1.014,"icon":"forest-tropical-rainforest-1"}},{"type":"Feature","geometry":{"type":"Point","coordinates":[-31.160558160713517,28.97499466430043]},"properties":{"Biome":"Tropical rainforest","variant":2,"scale":0.904,"icon":"forest-tropical-rainforest-2"}},{"type":"Feature","geometry":{"type":"Point","coordinates":[-31.00109193827886,28.690257748392757]},"properties":{"Biome":"Tropical rainforest","variant":0,"scale":1.109,"icon":"forest-tropical-rainforest-0"}},{"type":"Feature","geometry":{"type":"Point","coordinates":[-33.99370503929811,28.682276316812484]},"properties":{"Biome":"Tropical rainforest","variant":2,"scale":0.881,"icon":"forest-tropical-rainforest-2"}},{"type":"Feature","geometry":{"type":"Point","coordinates":[-33.732444101456124,28.951340354801165]},"properties":{"Biome":"Tropical rainforest","variant":0,"scale":1.011,"icon":"forest-tropical-rainforest-0"}},{"type":"Feature","geometry":{"type":"Point","coordinates":[-23.11527766910174,26.1170823715572]},"properties":{"Biome":"Tropical rainforest","variant":1,"scale":0.978,"icon":"forest-tropical-rainforest-1"}},{"type":"Feature","geometry":{"type":"Point","coordinates":[-25.403915065871324,26.87887377038268]},"properties":{"Biome":"Tropical rainforest","variant":2,"scale":0.951,"icon":"forest-tropical-rainforest-2"}},{"type":"Feature","geometry":{"type":"Point","coordinates":[-34.167032477686604,29.260413912119844]},"properties":{"Biome":"Tropical rainforest","variant":0,"scale":0.981,"icon":"forest-tropical-rainforest-0"}},{"type":"Feature","geometry":{"type":"Point","coordinates":[-26.092759928060865,27.98220054078678]},"properties":{"Biome":"Tropical rainforest","variant":1,"scale":0.963,"icon":"forest-tropical-rainforest-1"}},{"type":"Feature","geometry":{"type":"Point","coordinates":[-31.679429273302357,27.507140003940833]},"properties":{"Biome":"Tropical rainforest","variant":2,"scale":0.893,"icon":"forest-tropical-rainforest-2"}},{"type":"Feature","geometry":{"type":"Point","coordinates":[-21.741810727357887,-1.542202054420821]},"properties":{"Biome":"Tropical rainforest","variant":0,"scale":1.109,"icon":"forest-tropical-rainforest-0"}},{"type":"Feature","geometry":{"type":"Point","coordinates":[-24.05600543224936,-1.2263147245016754]},"properties":{"Biome":"Tropical rainforest","variant":0,"scale":1.048,"icon":"forest-tropical-rainforest-0"}},{"type":"Feature","geometry":{"type":"Point","coordinates":[-24.241136032459107,-0.6690531524969352]},"properties":{"Biome":"Tropical rainforest","variant":1,"scale":0.95,"icon":"forest-tropical-rainforest-1"}},{"type":"Feature","geometry":{"type":"Point","coordinates":[-14.352486834914833,-0.6854788216602492]},"properties":{"Biome":"Tropical rainforest","variant":0,"scale":0.886,"icon":"forest-tropical-rainforest-0"}},{"type":"Feature","geometry":{"type":"Point","coordinates":[-23.033796846845842,-1.5190130433928353]},"properties":{"Biome":"Tropical rainforest","variant":2,"scale":0.906,"icon":"forest-tropical-rainforest-2"}},{"type":"Feature","geometry":{"type":"Point","coordinates":[-17.94829979384127,0.30659934108275266]},"properties":{"Biome":"Tropical rainforest","variant":1,"scale":1.005,"icon":"forest-tropical-rainforest-1"}},{"type":"Feature","geometry":{"type":"Point","coordinates":[-23.74099519953506,-0.746206416895218]},"properties":{"Biome":"Tropical rainforest","variant":0,"scale":0.946,"icon":"forest-tropical-rainforest-0"}},{"type":"Feature","geometry":{"type":"Point","coordinates":[-21.61959984446481,0.3062486557818124]},"properties":{"Biome":"Tropical rainforest","variant":2,"scale":0.995,"icon":"forest-tropical-rainforest-2"}},{"type":"Feature","geometry":{"type":"Point","coordinates":[-23.3309419486616,-3.1228125667745457]},"properties":{"Biome":"Tropical rainforest","variant":1,"scale":0.994,"icon":"forest-tropical-rainforest-1"}},{"type":"Feature","geometry":{"type":"Point","coordinates":[-24.13950563271451,-1.8820963370974875]},"properties":{"Biome":"Tropical rainforest","variant":0,"scale":1.044,"icon":"forest-tropical-rainforest-0"}},{"type":"Feature","geometry":{"type":"Point","coordinates":[-24.541599885854964,-0.9228526035862764]},"properties":{"Biome":"Tropical rainforest","variant":1,"scale":0.909,"icon":"forest-tropical-rainforest-1"}},{"type":"Feature","geometry":{"type":"Point","coordinates":[-20.156765126162668,0.3859246136992389]},"properties":{"Biome":"Tropical rainforest","variant":0,"scale":1.095,"icon":"forest-tropical-rainforest-0"}},{"type":"Feature","geometry":{"type":"Point","coordinates":[-15.144836790508778,-0.2911765854558237]},"properties":{"Biome":"Tropical rainforest","variant":1,"scale":0.901,"icon":"forest-tropical-rainforest-1"}},{"type":"Feature","geometry":{"type":"Point","coordinates":[-13.045545124922013,-1.9861031739148074]},"properties":{"Biome":"Tropical rainforest","variant":1,"scale":1.106,"icon":"forest-tropical-rainforest-1"}},{"type":"Feature","geometry":{"type":"Point","coordinates":[-22.42790273300707,0.01654623493813993]},"properties":{"Biome":"Tropical rainforest","variant":2,"scale":0.902,"icon":"forest-tropical-rainforest-2"}},{"type":"Feature","geometry":{"type":"Point","coordinates":[-21.938426408645107,-1.844531282391177]},"properties":{"Biome":"Tropical rainforest","variant":1,"scale":0.897,"icon":"forest-tropical-rainforest-1"}},{"type":"Feature","geometry":{"type":"Point","coordinates":[-19.582488147734296,-3.6883163553767524]},"properties":{"Biome":"Tropical rainforest","variant":2,"scale":0.997,"icon":"forest-tropical-rainforest-2"}},{"type":"Feature","geometry":{"type":"Point","coordinates":[-19.781803604377274,-3.5378760827313447]},"properties":{"Biome":"Tropical rainforest","variant":1,"scale":1.094,"icon":"forest-tropical-rainforest-1"}},{"type":"Feature","geometry":{"type":"Point","coordinates":[-23.126733594666156,-2.181483182851403]},"properties":{"Biome":"Tropical rainforest","variant":2,"scale":1.04,"icon":"forest-tropical-rainforest-2"}},{"type":"Feature","geometry":{"type":"Point","coordinates":[-24.450165949575698,-2.306523687604822]},"properties":{"Biome":"Tropical rainforest","variant":2,"scale":1.116,"icon":"forest-tropical-rainforest-2"}},{"type":"Feature","geometry":{"type":"Point","coordinates":[-12.605268416150398,-1.4000272875623552]},"properties":{"Biome":"Tropical rainforest","variant":1,"scale":1.075,"icon":"forest-tropical-rainforest-1"}},{"type":"Feature","geometry":{"type":"Point","coordinates":[-20.001624999309147,-0.13971872064881652]},"properties":{"Biome":"Tropical rainforest","variant":1,"scale":0.958,"icon":"forest-tropical-rainforest-1"}},{"type":"Feature","geometry":{"type":"Point","coordinates":[-22.493821792521775,-2.5869342988562214]},"properties":{"Biome":"Tropical rainforest","variant":1,"scale":0.951,"icon":"forest-tropical-rainforest-1"}},{"type":"Feature","geometry":{"type":"Point","coordinates":[-29.87965978074935,4.793212218761361]},"properties":{"Biome":"Tropical rainforest","variant":1,"scale":0.9,"icon":"forest-tropical-rainforest-1"}},{"type":"Feature","geometry":{"type":"Point","coordinates":[-25.138491962893806,8.351183516750467]},"properties":{"Biome":"Tropical rainforest","variant":2,"scale":0.932,"icon":"forest-tropical-rainforest-2"}},{"type":"Feature","geometry":{"type":"Point","coordinates":[-23.025971305278528,8.215422099174408]},"properties":{"Biome":"Tropical rainforest","variant":1,"scale":0.897,"icon":"forest-tropical-rainforest-1"}},{"type":"Feature","geometry":{"type":"Point","coordinates":[-20.92542171846469,7.469638340395442]},"properties":{"Biome":"Tropical rainforest","variant":1,"scale":1.041,"icon":"forest-tropical-rainforest-1"}},{"type":"Feature","geometry":{"type":"Point","coordinates":[-22.363086285421847,7.136735956691932]},"properties":{"Biome":"Tropical rainforest","variant":2,"scale":1.11,"icon":"forest-tropical-rainforest-2"}},{"type":"Feature","geometry":{"type":"Point","coordinates":[-21.900934250947394,6.919246640923923]},"properties":{"Biome":"Tropical rainforest","variant":2,"scale":1.078,"icon":"forest-tropical-rainforest-2"}},{"type":"Feature","geometry":{"type":"Point","coordinates":[-22.35013102629539,-15.950995666316336]},"properties":{"Biome":"Tropical rainforest","variant":0,"scale":0.976,"icon":"forest-tropical-rainforest-0"}},{"type":"Feature","geometry":{"type":"Point","coordinates":[-13.678998306710618,-9.471693893709723]},"properties":{"Biome":"Tropical rainforest","variant":2,"scale":0.914,"icon":"forest-tropical-rainforest-2"}},{"type":"Feature","geometry":{"type":"Point","coordinates":[-12.823728697933294,-6.191827007607414]},"properties":{"Biome":"Tropical rainforest","variant":1,"scale":0.898,"icon":"forest-tropical-rainforest-1"}},{"type":"Feature","geometry":{"type":"Point","coordinates":[-20.651081442920162,-12.352690655869493]},"properties":{"Biome":"Tropical rainforest","variant":0,"scale":1.015,"icon":"forest-tropical-rainforest-0"}},{"type":"Feature","geometry":{"type":"Point","coordinates":[-17.475459198824815,-10.4254410295165]},"properties":{"Biome":"Tropical rainforest","variant":2,"scale":0.966,"icon":"forest-tropical-rainforest-2"}},{"type":"Feature","geometry":{"type":"Point","coordinates":[-14.871897194466065,-3.1485792612530306]},"properties":{"Biome":"Tropical rainforest","variant":2,"scale":1.105,"icon":"forest-tropical-rainforest-2"}},{"type":"Feature","geometry":{"type":"Point","coordinates":[-16.088460405754844,-5.578756284027624]},"properties":{"Biome":"Tropical rainforest","variant":0,"scale":1.02,"icon":"forest-tropical-rainforest-0"}},{"type":"Feature","geometry":{"type":"Point","coordinates":[-23.105527245589347,-16.446445626269654]},"properties":{"Biome":"Tropical rainforest","variant":0,"scale":1.024,"icon":"forest-tropical-rainforest-0"}},{"type":"Feature","geometry":{"type":"Point","coordinates":[-15.113544714419547,-8.836181729856271]},"properties":{"Biome":"Tropical rainforest","variant":2,"scale":1.029,"icon":"forest-tropical-rainforest-2"}},{"type":"Feature","geometry":{"type":"Point","coordinates":[-15.075739295246613,-7.029002195727577]},"properties":{"Biome":"Tropical rainforest","variant":1,"scale":1.027,"icon":"forest-tropical-rainforest-1"}},{"type":"Feature","geometry":{"type":"Point","coordinates":[-19.11531844986487,-11.117353238973742]},"properties":{"Biome":"Tropical rainforest","variant":0,"scale":1.04,"icon":"forest-tropical-rainforest-0"}},{"type":"Feature","geometry":{"type":"Point","coordinates":[-18.04788145825381,-13.27087575044931]},"properties":{"Biome":"Tropical rainforest","variant":2,"scale":0.981,"icon":"forest-tropical-rainforest-2"}},{"type":"Feature","geometry":{"type":"Point","coordinates":[-15.716806470085078,-5.3756397820523505]},"properties":{"Biome":"Tropical rainforest","variant":1,"scale":0.966,"icon":"forest-tropical-rainforest-1"}},{"type":"Feature","geometry":{"type":"Point","coordinates":[-12.874264412196656,-6.4252450981455755]},"properties":{"Biome":"Tropical rainforest","variant":0,"scale":1.108,"icon":"forest-tropical-rainforest-0"}},{"type":"Feature","geometry":{"type":"Point","coordinates":[-18.284991477820956,-11.698994543313967]},"properties":{"Biome":"Tropical rainforest","variant":1,"scale":0.963,"icon":"forest-tropical-rainforest-1"}},{"type":"Feature","geometry":{"type":"Point","coordinates":[-15.805882192651481,-5.943442572307879]},"properties":{"Biome":"Tropical rainforest","variant":0,"scale":0.999,"icon":"forest-tropical-rainforest-0"}},{"type":"Feature","geometry":{"type":"Point","coordinates":[-16.822305138127145,-11.722580103598032]},"properties":{"Biome":"Tropical rainforest","variant":1,"scale":0.99,"icon":"forest-tropical-rainforest-1"}},{"type":"Feature","geometry":{"type":"Point","coordinates":[-16.356349787483452,-6.671455097376763]},"properties":{"Biome":"Tropical rainforest","variant":1,"scale":0.923,"icon":"forest-tropical-rainforest-1"}},{"type":"Feature","geometry":{"type":"Point","coordinates":[-14.435308538556727,-6.587230901771681]},"properties":{"Biome":"Tropical rainforest","variant":2,"scale":0.949,"icon":"forest-tropical-rainforest-2"}},{"type":"Feature","geometry":{"type":"Point","coordinates":[-14.401842455250025,-6.084535937729551]},"properties":{"Biome":"Tropical rainforest","variant":1,"scale":1.109,"icon":"forest-tropical-rainforest-1"}},{"type":"Feature","geometry":{"type":"Point","coordinates":[-14.882426155081047,-6.469757309954142]},"properties":{"Biome":"Tropical rainforest","variant":2,"scale":0.96,"icon":"forest-tropical-rainforest-2"}},{"type":"Feature","geometry":{"type":"Point","coordinates":[-23.777137760525832,-17.35774096872881]},"properties":{"Biome":"Tropical rainforest","variant":1,"scale":0.888,"icon":"forest-tropical-rainforest-1"}},{"type":"Feature","geometry":{"type":"Point","coordinates":[-16.92381327686246,-10.783321288755094]},"properties":{"Biome":"Tropical rainforest","variant":2,"scale":0.92,"icon":"forest-tropical-rainforest-2"}},{"type":"Feature","geometry":{"type":"Point","coordinates":[-12.589432258223514,-6.362703334350827]},"properties":{"Biome":"Tropical rainforest","variant":0,"scale":0.924,"icon":"forest-tropical-rainforest-0"}},{"type":"Feature","geometry":{"type":"Point","coordinates":[-17.92158710506972,-11.996861052334735]},"properties":{"Biome":"Tropical rainforest","variant":2,"scale":1.098,"icon":"forest-tropical-rainforest-2"}},{"type":"Feature","geometry":{"type":"Point","coordinates":[-12.57950989846965,-7.035670604782229]},"properties":{"Biome":"Tropical rainforest","variant":0,"scale":1.036,"icon":"forest-tropical-rainforest-0"}},{"type":"Feature","geometry":{"type":"Point","coordinates":[-15.437497405163207,-11.141954850459328]},"properties":{"Biome":"Tropical rainforest","variant":2,"scale":0.892,"icon":"forest-tropical-rainforest-2"}},{"type":"Feature","geometry":{"type":"Point","coordinates":[-14.314274534417654,-4.4039336875372035]},"properties":{"Biome":"Tropical rainforest","variant":2,"scale":0.943,"icon":"forest-tropical-rainforest-2"}},{"type":"Feature","geometry":{"type":"Point","coordinates":[-23.21406357409489,-17.153223689888254]},"properties":{"Biome":"Tropical rainforest","variant":1,"scale":1.098,"icon":"forest-tropical-rainforest-1"}},{"type":"Feature","geometry":{"type":"Point","coordinates":[-19.20725468756981,10.608944912173367]},"properties":{"Biome":"Tropical rainforest","variant":1,"scale":1.066,"icon":"forest-tropical-rainforest-1"}},{"type":"Feature","geometry":{"type":"Point","coordinates":[-18.443663291475257,10.828000315230897]},"properties":{"Biome":"Tropical rainforest","variant":2,"scale":1.034,"icon":"forest-tropical-rainforest-2"}},{"type":"Feature","geometry":{"type":"Point","coordinates":[-17.101158106502556,-2.7379810062706924]},"properties":{"Biome":"Tropical rainforest","variant":1,"scale":0.884,"icon":"forest-tropical-rainforest-1"}},{"type":"Feature","geometry":{"type":"Point","coordinates":[-14.843389423914823,18.852128021246507]},"properties":{"Biome":"Tropical rainforest","variant":2,"scale":1.0,"icon":"forest-tropical-rainforest-2"}},{"type":"Feature","geometry":{"type":"Point","coordinates":[-12.124870465446653,18.767451062288735]},"properties":{"Biome":"Tropical rainforest","variant":0,"scale":0.951,"icon":"forest-tropical-rainforest-0"}},{"type":"Feature","geometry":{"type":"Point","coordinates":[-11.624247519460281,19.404514621441965]},"properties":{"Biome":"Tropical rainforest","variant":1,"scale":1.064,"icon":"forest-tropical-rainforest-1"}},{"type":"Feature","geometry":{"type":"Point","coordinates":[-13.246602544274426,17.179322255160752]},"properties":{"Biome":"Tropical rainforest","variant":0,"scale":0.922,"icon":"forest-tropical-rainforest-0"}},{"type":"Feature","geometry":{"type":"Point","coordinates":[-11.739048417568036,19.367642617773292]},"properties":{"Biome":"Tropical rainforest","variant":2,"scale":1.036,"icon":"forest-tropical-rainforest-2"}},{"type":"Feature","geometry":{"type":"Point","coordinates":[-11.552804150132834,17.504338457111274]},"properties":{"Biome":"Tropical rainforest","variant":2,"scale":1.095,"icon":"forest-tropical-rainforest-2"}},{"type":"Feature","geometry":{"type":"Point","coordinates":[-16.178142733957372,20.919293451541908]},"properties":{"Biome":"Tropical rainforest","variant":1,"scale":0.93,"icon":"forest-tropical-rainforest-1"}},{"type":"Feature","geometry":{"type":"Point","coordinates":[-17.118918641204964,20.44180017776877]},"properties":{"Biome":"Tropical rainforest","variant":0,"scale":0.99,"icon":"forest-tropical-rainforest-0"}},{"type":"Feature","geometry":{"type":"Point","coordinates":[-13.083813238453754,18.879657386782224]},"properties":{"Biome":"Tropical rainforest","variant":0,"scale":1.072,"icon":"forest-tropical-rainforest-0"}},{"type":"Feature","geometry":{"type":"Point","coordinates":[-14.27046548442472,19.38361381001621]},"properties":{"Biome":"Tropical rainforest","variant":2,"scale":0.882,"icon":"forest-tropical-rainforest-2"}},{"type":"Feature","geometry":{"type":"Point","coordinates":[-14.416504156222285,20.524183938891856]},"properties":{"Biome":"Tropical rainforest","variant":0,"scale":1.049,"icon":"forest-tropical-rainforest-0"}},{"type":"Feature","geometry":{"type":"Point","coordinates":[-17.78357327913954,21.041337971872178]},"properties":{"Biome":"Tropical rainforest","variant":2,"scale":0.965,"icon":"forest-tropical-rainforest-2"}},{"type":"Feature","geometry":{"type":"Point","coordinates":[33.54837718696874,5.052412045713205]},"properties":{"Biome":"Tropical rainforest","variant":0,"scale":1.0,"icon":"forest-tropical-rainforest-0"}},{"type":"Feature","geometry":{"type":"Point","coordinates":[38.53575503446741,4.230169265631682]},"properties":{"Biome":"Tropical rainforest","variant":0,"scale":0.897,"icon":"forest-tropical-rainforest-0"}},{"type":"Feature","geometry":{"type":"Point","coordinates":[39.61235716009966,5.99469255261343]},"properties":{"Biome":"Tropical rainforest","variant":2,"scale":0.896,"icon":"forest-tropical-rainforest-2"}},{"type":"Feature","geometry":{"type":"Point","coordinates":[41.12076022010877,6.96465903912737]},"properties":{"Biome":"Tropical rainforest","variant":2,"scale":0.934,"icon":"forest-tropical-rainforest-2"}},{"type":"Feature","geometry":{"type":"Point","coordinates":[37.739462197899584,5.500732001351915]},"properties":{"Biome":"Tropical rainforest","variant":1,"scale":0.997,"icon":"forest-tropical-rainforest-1"}},{"type":"Feature","geometry":{"type":"Point","coordinates":[33.329336533487286,5.261647173250324]},"properties":{"Biome":"Tropical rainforest","variant":0,"scale":1.016,"icon":"forest-tropical-rainforest-0"}},{"type":"Feature","geometry":{"type":"Point","coordinates":[32.94436346163491,5.442104379639505]},"properties":{"Biome":"Tropical rainforest","variant":2,"scale":1.102,"icon":"forest-tropical-rainforest-2"}},{"type":"Feature","geometry":{"type":"Point","coordinates":[33.68491499390344,4.069420564773743]},"properties":{"Biome":"Tropical rainforest","variant":2,"scale":0.955,"icon":"forest-tropical-rainforest-2"}},{"type":"Feature","geometry":{"type":"Point","coordinates":[33.713487683444605,4.195531782273313]},"properties":{"Biome":"Tropical rainforest","variant":1,"scale":0.94,"icon":"forest-tropical-rainforest-1"}},{"type":"Feature","geometry":{"type":"Point","coordinates":[34.34524874201554,5.462121530100255]},"properties":{"Biome":"Tropical rainforest","variant":2,"scale":1.075,"icon":"forest-tropical-rainforest-2"}},{"type":"Feature","geometry":{"type":"Point","coordinates":[36.45683536497919,4.906289207992294]},"properties":{"Biome":"Tropical rainforest","variant":1,"scale":1.096,"icon":"forest-tropical-rainforest-1"}},{"type":"Feature","geometry":{"type":"Point","coordinates":[31.948009151475766,5.669650317574295]},"properties":{"Biome":"Tropical rainforest","variant":0,"scale":0.937,"icon":"forest-tropical-rainforest-0"}},{"type":"Feature","geometry":{"type":"Point","coordinates":[35.507928502931044,5.192312871127033]},"properties":{"Biome":"Tropical rainforest","variant":0,"scale":1.007,"icon":"forest-tropical-rainforest-0"}},{"type":"Feature","geometry":{"type":"Point","coordinates":[31.45803436824672,4.008815951134756]},"properties":{"Biome":"Tropical rainforest","variant":2,"scale":0.991,"icon":"forest-tropical-rainforest-2"}},{"type":"Feature","geometry":{"type":"Point","coordinates":[53.03895517813499,2.537444056318327]},"properties":{"Biome":"Tropical rainforest","variant":2,"scale":1.097,"icon":"forest-tropical-rainforest-2"}},{"type":"Feature","geometry":{"type":"Point","coordinates":[56.20650449977549,2.150662158704083]},"properties":{"Biome":"Tropical rainforest","variant":2,"scale":0.963,"icon":"forest-tropical-rainforest-2"}},{"type":"Feature","geometry":{"type":"Point","coordinates":[39.92522097364643,-0.17870293756921748]},"properties":{"Biome":"Tropical rainforest","variant":1,"scale":1.098,"icon":"forest-tropical-rainforest-1"}},{"type":"Feature","geometry":{"type":"Point","coordinates":[55.90388483413444,1.511614558580066]},"properties":{"Biome":"Tropical rainforest","variant":2,"scale":0.894,"icon":"forest-tropical-rainforest-2"}},{"type":"Feature","geometry":{"type":"Point","coordinates":[55.70401314036714,1.3157655212195636]},"properties":{"Biome":"Tropical rainforest","variant":0,"scale":0.999,"icon":"forest-tropical-rainforest-0"}},{"type":"Feature","geometry":{"type":"Point","coordinates":[56.99043131458979,-2.2980151793818546]},"properties":{"Biome":"Tropical rainforest","variant":0,"scale":1.003,"icon":"forest-tropical-rainforest-0"}},{"type":"Feature","geometry":{"type":"Point","coordinates":[80.8769740781513,-8.573247670011968]},"properties":{"Biome":"Tropical rainforest","variant":0,"scale":0.994,"icon":"forest-tropical-rainforest-0"}},{"type":"Feature","geometry":{"type":"Point","coordinates":[78.57851022443303,0.44231571774984424]},"properties":{"Biome":"Tropical rainforest","variant":2,"scale":1.041,"icon":"forest-tropical-rainforest-2"}},{"type":"Feature","geometry":{"type":"Point","coordinates":[82.44508626327605,-9.096650237255014]},"properties":{"Biome":"Tropical rainforest","variant":0,"scale":0.951,"icon":"forest-tropical-rainforest-0"}},{"type":"Feature","geometry":{"type":"Point","coordinates":[79.00608672254944,-2.3770276325955715]},"properties":{"Biome":"Tropical rainforest","variant":0,"scale":0.897,"icon":"forest-tropical-rainforest-0"}},{"type":"Feature","geometry":{"type":"Point","coordinates":[46.15823975323132,0.3649788931429122]},"properties":{"Biome":"Tropical rainforest","variant":2,"scale":1.061,"icon":"forest-tropical-rainforest-2"}},{"type":"Feature","geometry":{"type":"Point","coordinates":[54.8187377327323,0.13566349631112568]},"properties":{"Biome":"Tropical rainforest","variant":0,"scale":1.072,"icon":"forest-tropical-rainforest-0"}},{"type":"Feature","geometry":{"type":"Point","coordinates":[73.3700921306328,-0.5778740828233478]},"properties":{"Biome":"Tropical rainforest","variant":0,"scale":1.081,"icon":"forest-tropical-rainforest-0"}},{"type":"Feature","geometry":{"type":"Point","coordinates":[45.443321944118246,0.5607158646478219]},"properties":{"Biome":"Tropical rainforest","variant":0,"scale":1.073,"icon":"forest-tropical-rainforest-0"}},{"type":"Feature","geometry":{"type":"Point","coordinates":[49.451084638680584,0.9929117107638753]},"properties":{"Biome":"Tropical rainforest","variant":2,"scale":1.043,"icon":"forest-tropical-rainforest-2"}},{"type":"Feature","geometry":{"type":"Point","coordinates":[64.5040801870654,-2.756769565453482]},"properties":{"Biome":"Tropical rainforest","variant":2,"scale":1.054,"icon":"forest-tropical-rainforest-2"}},{"type":"Feature","geometry":{"type":"Point","coordinates":[81.56937869221653,-8.584499400444486]},"properties":{"Biome":"Tropical rainforest","variant":1,"scale":1.114,"icon":"forest-tropical-rainforest-1"}},{"type":"Feature","geometry":{"type":"Point","coordinates":[68.09657219199907,-2.3684797730918037]},"properties":{"Biome":"Tropical rainforest","variant":2,"scale":0.989,"icon":"forest-tropical-rainforest-2"}},{"type":"Feature","geometry":{"type":"Point","coordinates":[77.81134596726832,-5.347461012174516]},"properties":{"Biome":"Tropical rainforest","variant":2,"scale":1.041,"icon":"forest-tropical-rainforest-2"}},{"type":"Feature","geometry":{"type":"Point","coordinates":[54.482026278182786,3.711229135141884]},"properties":{"Biome":"Tropical rainforest","variant":0,"scale":0.912,"icon":"forest-tropical-rainforest-0"}},{"type":"Feature","geometry":{"type":"Point","coordinates":[51.81843415635772,0.8529632123560609]},"properties":{"Biome":"Tropical rainforest","variant":1,"scale":1.013,"icon":"forest-tropical-rainforest-1"}},{"type":"Feature","geometry":{"type":"Point","coordinates":[38.916277621881235,0.5769983052515095]},"properties":{"Biome":"Tropical rainforest","variant":2,"scale":1.053,"icon":"forest-tropical-rainforest-2"}},{"type":"Feature","geometry":{"type":"Point","coordinates":[70.23815649196361,-4.434307931662697]},"properties":{"Biome":"Tropical rainforest","variant":2,"scale":1.037,"icon":"forest-tropical-rainforest-2"}},{"type":"Feature","geometry":{"type":"Point","coordinates":[62.98199159614212,2.7410813122406235]},"properties":{"Biome":"Tropical rainforest","variant":0,"scale":0.925,"icon":"forest-tropical-rainforest-0"}},{"type":"Feature","geometry":{"type":"Point","coordinates":[38.342415645438706,-1.553383592327225]},"properties":{"Biome":"Tropical rainforest","variant":2,"scale":0.911,"icon":"forest-tropical-rainforest-2"}},{"type":"Feature","geometry":{"type":"Point","coordinates":[80.979212482166,-5.609201153435762]},"properties":{"Biome":"Tropical rainforest","variant":1,"scale":0.983,"icon":"forest-tropical-rainforest-1"}},{"type":"Feature","geometry":{"type":"Point","coordinates":[82.86402202619047,-9.669767925424363]},"properties":{"Biome":"Tropical rainforest","variant":2,"scale":1.027,"icon":"forest-tropical-rainforest-2"}},{"type":"Feature","geometry":{"type":"Point","coordinates":[63.05363146766072,1.4114869234239533]},"properties":{"Biome":"Tropical rainforest","variant":2,"scale":0.982,"icon":"forest-tropical-rainforest-2"}},{"type":"Feature","geometry":{"type":"Point","coordinates":[76.90902910947176,-5.234443408709723]},"properties":{"Biome":"Tropical rainforest","variant":1,"scale":0.907,"icon":"forest-tropical-rainforest-1"}},{"type":"Feature","geometry":{"type":"Point","coordinates":[68.47021022596142,-4.817162566554547]},"properties":{"Biome":"Tropical rainforest","variant":0,"scale":1.081,"icon":"forest-tropical-rainforest-0"}},{"type":"Feature","geometry":{"type":"Point","coordinates":[59.58977478942157,-0.38636299443778843]},"properties":{"Biome":"Tropical rainforest","variant":1,"scale":0.973,"icon":"forest-tropical-rainforest-1"}},{"type":"Feature","geometry":{"type":"Point","coordinates":[73.7913335041633,1.6896136528503878]},"properties":{"Biome":"Tropical rainforest","variant":0,"scale":1.081,"icon":"forest-tropical-rainforest-0"}},{"type":"Feature","geometry":{"type":"Point","coordinates":[41.70494527912003,1.8218900092641206]},"properties":{"Biome":"Tropical rainforest","variant":0,"scale":1.099,"icon":"forest-tropical-rainforest-0"}},{"type":"Feature","geometry":{"type":"Point","coordinates":[70.91475147228645,-0.10932651018672797]},"properties":{"Biome":"Tropical rainforest","variant":0,"scale":1.035,"icon":"forest-tropical-rainforest-0"}},{"type":"Feature","geometry":{"type":"Point","coordinates":[61.57620342976226,2.756872178027406]},"properties":{"Biome":"Tropical rainforest","variant":1,"scale":1.115,"icon":"forest-tropical-rainforest-1"}},{"type":"Feature","geometry":{"type":"Point","coordinates":[45.97276556142111,-0.5305535665287281]},"properties":{"Biome":"Tropical rainforest","variant":1,"scale":0.989,"icon":"forest-tropical-rainforest-1"}},{"type":"Feature","geometry":{"type":"Point","coordinates":[79.61890911844405,0.140155334906179]},"properties":{"Biome":"Tropical rainforest","variant":0,"scale":1.036,"icon":"forest-tropical-rainforest-0"}},{"type":"Feature","geometry":{"type":"Point","coordinates":[59.87358533274788,-2.4784426348592516]},"properties":{"Biome":"Tropical rainforest","variant":0,"scale":1.045,"icon":"forest-tropical-rainforest-0"}},{"type":"Feature","geometry":{"type":"Point","coordinates":[66.63841566437598,-3.0174717261578197]},"properties":{"Biome":"Tropical rainforest","variant":1,"scale":0.903,"icon":"forest-tropical-rainforest-1"}},{"type":"Feature","geometry":{"type":"Point","coordinates":[75.4073317143285,-6.884190498187267]},"properties":{"Biome":"Tropical rainforest","variant":2,"scale":0.94,"icon":"forest-tropical-rainforest-2"}},{"type":"Feature","geometry":{"type":"Point","coordinates":[68.38982803602359,1.1711562720922304]},"properties":{"Biome":"Tropical rainforest","variant":1,"scale":0.958,"icon":"forest-tropical-rainforest-1"}},{"type":"Feature","geometry":{"type":"Point","coordinates":[57.51382308720846,0.025266507344028844]},"properties":{"Biome":"Tropical rainforest","variant":1,"scale":0.932,"icon":"forest-tropical-rainforest-1"}},{"type":"Feature","geometry":{"type":"Point","coordinates":[62.61441917869462,-0.9004187723347385]},"properties":{"Biome":"Tropical rainforest","variant":1,"scale":1.087,"icon":"forest-tropical-rainforest-1"}},{"type":"Feature","geometry":{"type":"Point","coordinates":[78.16598882681929,-3.3969855383542087]},"properties":{"Biome":"Tropical rainforest","variant":2,"scale":1.049,"icon":"forest-tropical-rainforest-2"}},{"type":"Feature","geometry":{"type":"Point","coordinates":[59.20865860733197,-1.1480810332673954]},"properties":{"Biome":"Tropical rainforest","variant":0,"scale":0.976,"icon":"forest-tropical-rainforest-0"}},{"type":"Feature","geometry":{"type":"Point","coordinates":[66.46561041815656,-3.221757753013497]},"properties":{"Biome":"Tropical rainforest","variant":2,"scale":1.032,"icon":"forest-tropical-rainforest-2"}},{"type":"Feature","geometry":{"type":"Point","coordinates":[61.839633159543396,-2.4093538903256744]},"properties":{"Biome":"Tropical rainforest","variant":0,"scale":1.068,"icon":"forest-tropical-rainforest-0"}},{"type":"Feature","geometry":{"type":"Point","coordinates":[83.44524986602094,-11.358999987130362]},"properties":{"Biome":"Tropical rainforest","variant":0,"scale":0.952,"icon":"forest-tropical-rainforest-0"}},{"type":"Feature","geometry":{"type":"Point","coordinates":[71.2545622897315,2.1033399005095905]},"properties":{"Biome":"Tropical rainforest","variant":1,"scale":0.889,"icon":"forest-tropical-rainforest-1"}},{"type":"Feature","geometry":{"type":"Point","coordinates":[56.23088944817933,2.5457769163224144]},"properties":{"Biome":"Tropical rainforest","variant":0,"scale":0.97,"icon":"forest-tropical-rainforest-0"}},{"type":"Feature","geometry":{"type":"Point","coordinates":[69.66336777955634,-4.1781019502899905]},"properties":{"Biome":"Tropical rainforest","variant":0,"scale":1.092,"icon":"forest-tropical-rainforest-0"}},{"type":"Feature","geometry":{"type":"Point","coordinates":[60.06611019440484,1.371710007597061]},"properties":{"Biome":"Tropical rainforest","variant":1,"scale":0.968,"icon":"forest-tropical-rainforest-1"}},{"type":"Feature","geometry":{"type":"Point","coordinates":[41.519307504271964,0.3450083601267748]},"properties":{"Biome":"Tropical rainforest","variant":0,"scale":1.074,"icon":"forest-tropical-rainforest-0"}},{"type":"Feature","geometry":{"type":"Point","coordinates":[77.1151715288674,-5.956299786036957]},"properties":{"Biome":"Tropical rainforest","variant":0,"scale":0.907,"icon":"forest-tropical-rainforest-0"}},{"type":"Feature","geometry":{"type":"Point","coordinates":[40.09313140238621,-0.48208496435650017]},"properties":{"Biome":"Tropical rainforest","variant":0,"scale":0.901,"icon":"forest-tropical-rainforest-0"}},{"type":"Feature","geometry":{"type":"Point","coordinates":[77.6834630358535,-3.573222795502221]},"properties":{"Biome":"Tropical rainforest","variant":1,"scale":1.094,"icon":"forest-tropical-rainforest-1"}},{"type":"Feature","geometry":{"type":"Point","coordinates":[62.34580219529073,2.2988401488640458]},"properties":{"Biome":"Tropical rainforest","variant":2,"scale":0.906,"icon":"forest-tropical-rainforest-2"}},{"type":"Feature","geometry":{"type":"Point","coordinates":[66.80783685913781,-1.6725721086014298]},"properties":{"Biome":"Tropical rainforest","variant":1,"scale":1.049,"icon":"forest-tropical-rainforest-1"}},{"type":"Feature","geometry":{"type":"Point","coordinates":[51.357549088533794,-0.11437919324160609]},"properties":{"Biome":"Tropical rainforest","variant":1,"scale":0.883,"icon":"forest-tropical-rainforest-1"}},{"type":"Feature","geometry":{"type":"Point","coordinates":[60.787405486220585,-1.9880750365140962]},"properties":{"Biome":"Tropical rainforest","variant":0,"scale":1.086,"icon":"forest-tropical-rainforest-0"}},{"type":"Feature","geometry":{"type":"Point","coordinates":[60.00985288963292,0.7341377741838756]},"properties":{"Biome":"Tropical rainforest","variant":0,"scale":0.981,"icon":"forest-tropical-rainforest-0"}},{"type":"Feature","geometry":{"type":"Point","coordinates":[76.55628188702336,0.4236526406581114]},"properties":{"Biome":"Tropical rainforest","variant":0,"scale":0.981,"icon":"forest-tropical-rainforest-0"}},{"type":"Feature","geometry":{"type":"Point","coordinates":[71.12833149235188,-3.457503845178634]},"properties":{"Biome":"Tropical rainforest","variant":0,"scale":0.984,"icon":"forest-tropical-rainforest-0"}},{"type":"Feature","geometry":{"type":"Point","coordinates":[77.2591945766174,-6.694140483963647]},"properties":{"Biome":"Tropical rainforest","variant":1,"scale":1.112,"icon":"forest-tropical-rainforest-1"}},{"type":"Feature","geometry":{"type":"Point","coordinates":[60.30178235828534,0.30888055614827054]},"properties":{"Biome":"Tropical rainforest","variant":2,"scale":1.056,"icon":"forest-tropical-rainforest-2"}},{"type":"Feature","geometry":{"type":"Point","coordinates":[62.60929612593185,-3.0766772000182865]},"properties":{"Biome":"Tropical rainforest","variant":2,"scale":1.067,"icon":"forest-tropical-rainforest-2"}},{"type":"Feature","geometry":{"type":"Point","coordinates":[56.602871119787594,5.356017203067874]},"properties":{"Biome":"Tropical rainforest","variant":2,"scale":0.917,"icon":"forest-tropical-rainforest-2"}},{"type":"Feature","geometry":{"type":"Point","coordinates":[39.89478455479616,-0.8101092225157627]},"properties":{"Biome":"Tropical rainforest","variant":2,"scale":0.966,"icon":"forest-tropical-rainforest-2"}},{"type":"Feature","geometry":{"type":"Point","coordinates":[62.9248556858553,-0.9451966106056343]},"properties":{"Biome":"Tropical rainforest","variant":2,"scale":0.917,"icon":"forest-tropical-rainforest-2"}},{"type":"Feature","geometry":{"type":"Point","coordinates":[71.55375087517545,-2.9951615783836214]},"properties":{"Biome":"Tropical rainforest","variant":0,"scale":0.981,"icon":"forest-tropical-rainforest-0"}},{"type":"Feature","geometry":{"type":"Point","coordinates":[38.65947024358963,-0.8217283405881397]},"properties":{"Biome":"Tropical rainforest","variant":1,"scale":1.031,"icon":"forest-tropical-rainforest-1"}},{"type":"Feature","geometry":{"type":"Point","coordinates":[80.5310701181651,-7.481022863047526]},"properties":{"Biome":"Tropical rainforest","variant":0,"scale":1.099,"icon":"forest-tropical-rainforest-0"}},{"type":"Feature","geometry":{"type":"Point","coordinates":[39.26835080687438,-0.5111140660647632]},"properties":{"Biome":"Tropical rainforest","variant":2,"scale":0.95,"icon":"forest-tropical-rainforest-2"}},{"type":"Feature","geometry":{"type":"Point","coordinates":[82.1786781307337,-10.434956226378159]},"properties":{"Biome":"Tropical rainforest","variant":1,"scale":0.933,"icon":"forest-tropical-rainforest-1"}},{"type":"Feature","geometry":{"type":"Point","coordinates":[68.27730339354083,-2.113390624113597]},"properties":{"Biome":"Tropical rainforest","variant":1,"scale":1.062,"icon":"forest-tropical-rainforest-1"}},{"type":"Feature","geometry":{"type":"Point","coordinates":[65.67643702577895,0.8390338090294214]},"properties":{"Biome":"Tropical rainforest","variant":1,"scale":0.946,"icon":"forest-tropical-rainforest-1"}},{"type":"Feature","geometry":{"type":"Point","coordinates":[63.67642474369504,0.9499656413780277]},"properties":{"Biome":"Tropical rainforest","variant":0,"scale":1.094,"icon":"forest-tropical-rainforest-0"}},{"type":"Feature","geometry":{"type":"Point","coordinates":[38.87210040151637,0.7308690912005468]},"properties":{"Biome":"Tropical rainforest","variant":1,"scale":1.11,"icon":"forest-tropical-rainforest-1"}},{"type":"Feature","geometry":{"type":"Point","coordinates":[56.87223406618572,5.767315733860155]},"properties":{"Biome":"Tropical rainforest","variant":2,"scale":0.998,"icon":"forest-tropical-rainforest-2"}},{"type":"Feature","geometry":{"type":"Point","coordinates":[58.89599715410328,0.5208778772097842]},"properties":{"Biome":"Tropical rainforest","variant":2,"scale":1.12,"icon":"forest-tropical-rainforest-2"}},{"type":"Feature","geometry":{"type":"Point","coordinates":[40.099805299427196,-0.3031716577481017]},"properties":{"Biome":"Tropical rainforest","variant":1,"scale":1.032,"icon":"forest-tropical-rainforest-1"}},{"type":"Feature","geometry":{"type":"Point","coordinates":[53.50851555528085,2.7908402689691427]},"properties":{"Biome":"Tropical rainforest","variant":2,"scale":1.109,"icon":"forest-tropical-rainforest-2"}},{"type":"Feature","geometry":{"type":"Point","coordinates":[79.74040946416667,-1.2719323527715176]},"properties":{"Biome":"Tropical rainforest","variant":0,"scale":0.908,"icon":"forest-tropical-rainforest-0"}},{"type":"Feature","geometry":{"type":"Point","coordinates":[49.163276724444295,2.338324203103368]},"properties":{"Biome":"Tropical rainforest","variant":0,"scale":1.099,"icon":"forest-tropical-rainforest-0"}},{"type":"Feature","geometry":{"type":"Point","coordinates":[59.81997442490585,0.8680026702786641]},"properties":{"Biome":"Tropical rainforest","variant":2,"scale":0.956,"icon":"forest-tropical-rainforest-2"}},{"type":"Feature","geometry":{"type":"Point","coordinates":[68.80041484334994,2.2686874682012097]},"properties":{"Biome":"Tropical rainforest","variant":1,"scale":1.0,"icon":"forest-tropical-rainforest-1"}},{"type":"Feature","geometry":{"type":"Point","coordinates":[56.690443612772576,-0.5685666390823059]},"properties":{"Biome":"Tropical rainforest","variant":0,"scale":0.905,"icon":"forest-tropical-rainforest-0"}},{"type":"Feature","geometry":{"type":"Point","coordinates":[68.41001842904893,2.1491374797043683]},"properties":{"Biome":"Tropical rainforest","variant":0,"scale":0.924,"icon":"forest-tropical-rainforest-0"}},{"type":"Feature","geometry":{"type":"Point","coordinates":[57.18061487233403,3.4886959750190094]},"properties":{"Biome":"Tropical rainforest","variant":1,"scale":0.914,"icon":"forest-tropical-rainforest-1"}},{"type":"Feature","geometry":{"type":"Point","coordinates":[49.99783677728873,4.92873723720318]},"properties":{"Biome":"Tropical rainforest","variant":1,"scale":1.071,"icon":"forest-tropical-rainforest-1"}},{"type":"Feature","geometry":{"type":"Point","coordinates":[49.628126402286995,3.1294860883604807]},"properties":{"Biome":"Tropical rainforest","variant":0,"scale":1.048,"icon":"forest-tropical-rainforest-0"}},{"type":"Feature","geometry":{"type":"Point","coordinates":[70.2293727171192,2.6230495936468583]},"properties":{"Biome":"Tropical rainforest","variant":2,"scale":1.083,"icon":"forest-tropical-rainforest-2"}},{"type":"Feature","geometry":{"type":"Point","coordinates":[38.81775764759599,-1.8455615445991533]},"properties":{"Biome":"Tropical rainforest","variant":2,"scale":1.017,"icon":"forest-tropical-rainforest-2"}},{"type":"Feature","geometry":{"type":"Point","coordinates":[58.706659492583846,3.363933352571626]},"properties":{"Biome":"Tropical rainforest","variant":1,"scale":1.04,"icon":"forest-tropical-rainforest-1"}},{"type":"Feature","geometry":{"type":"Point","coordinates":[56.49583760292238,3.6859352470890285]},"properties":{"Biome":"Tropical rainforest","variant":2,"scale":0.969,"icon":"forest-tropical-rainforest-2"}},{"type":"Feature","geometry":{"type":"Point","coordinates":[58.19017305969821,-1.2936930573137637]},"properties":{"Biome":"Tropical rainforest","variant":0,"scale":0.994,"icon":"forest-tropical-rainforest-0"}},{"type":"Feature","geometry":{"type":"Point","coordinates":[54.33150135969983,-0.6833449695790109]},"properties":{"Biome":"Tropical rainforest","variant":2,"scale":0.95,"icon":"forest-tropical-rainforest-2"}},{"type":"Feature","geometry":{"type":"Point","coordinates":[71.19602673802028,-4.452032188767944]},"properties":{"Biome":"Tropical rainforest","variant":2,"scale":0.962,"icon":"forest-tropical-rainforest-2"}},{"type":"Feature","geometry":{"type":"Point","coordinates":[62.01852953927756,2.0120671191898576]},"properties":{"Biome":"Tropical rainforest","variant":1,"scale":0.896,"icon":"forest-tropical-rainforest-1"}},{"type":"Feature","geometry":{"type":"Point","coordinates":[80.59523444105587,-8.40203507174251]},"properties":{"Biome":"Tropical rainforest","variant":1,"scale":0.97,"icon":"forest-tropical-rainforest-1"}},{"type":"Feature","geometry":{"type":"Point","coordinates":[55.26955019411058,-1.1765271346109079]},"properties":{"Biome":"Tropical rainforest","variant":1,"scale":0.978,"icon":"forest-tropical-rainforest-1"}},{"type":"Feature","geometry":{"type":"Point","coordinates":[78.71249351067021,-1.8668160206719417]},"properties":{"Biome":"Tropical rainforest","variant":1,"scale":0.971,"icon":"forest-tropical-rainforest-1"}},{"type":"Feature","geometry":{"type":"Point","coordinates":[80.08672963323927,1.4631168765119484]},"properties":{"Biome":"Tropical rainforest","variant":2,"scale":0.937,"icon":"forest-tropical-rainforest-2"}},{"type":"Feature","geometry":{"type":"Point","coordinates":[79.77897980418294,0.5419313500399286]},"properties":{"Biome":"Tropical rainforest","variant":2,"scale":1.07,"icon":"forest-tropical-rainforest-2"}},{"type":"Feature","geometry":{"type":"Point","coordinates":[77.19381963731527,-0.738488260089625]},"properties":{"Biome":"Tropical rainforest","variant":1,"scale":0.894,"icon":"forest-tropical-rainforest-1"}},{"type":"Feature","geometry":{"type":"Point","coordinates":[51.47687600460359,4.620643500741533]},"properties":{"Biome":"Tropical rainforest","variant":0,"scale":0.914,"icon":"forest-tropical-rainforest-0"}},{"type":"Feature","geometry":{"type":"Point","coordinates":[68.90204325570718,2.6024675000946917]},"properties":{"Biome":"Tropical rainforest","variant":0,"scale":1.058,"icon":"forest-tropical-rainforest-0"}},{"type":"Feature","geometry":{"type":"Point","coordinates":[56.42004966985066,4.196834257839807]},"properties":{"Biome":"Tropical rainforest","variant":0,"scale":1.059,"icon":"forest-tropical-rainforest-0"}},{"type":"Feature","geometry":{"type":"Point","coordinates":[56.950478066476585,3.786175577714226]},"properties":{"Biome":"Tropical rainforest","variant":0,"scale":1.016,"icon":"forest-tropical-rainforest-0"}},{"type":"Feature","geometry":{"type":"Point","coordinates":[70.23049996196553,0.6984225888869346]},"properties":{"Biome":"Tropical rainforest","variant":2,"scale":0.936,"icon":"forest-tropical-rainforest-2"}},{"type":"Feature","geometry":{"type":"Point","coordinates":[58.43123882566437,-1.6502637968527798]},"properties":{"Biome":"Tropical rainforest","variant":2,"scale":1.093,"icon":"forest-tropical-rainforest-2"}},{"type":"Feature","geometry":{"type":"Point","coordinates":[45.965111339151996,0.7949288243906513]},"properties":{"Biome":"Tropical rainforest","variant":1,"scale":0.945,"icon":"forest-tropical-rainforest-1"}},{"type":"Feature","geometry":{"type":"Point","coordinates":[38.78993147572243,-1.5036900886381424]},"properties":{"Biome":"Tropical rainforest","variant":1,"scale":1.0,"icon":"forest-tropical-rainforest-1"}},{"type":"Feature","geometry":{"type":"Point","coordinates":[68.16252056726505,2.4436556095619437]},"properties":{"Biome":"Tropical rainforest","variant":1,"scale":1.025,"icon":"forest-tropical-rainforest-1"}},{"type":"Feature","geometry":{"type":"Point","coordinates":[57.150280111395865,5.838801226714805]},"properties":{"Biome":"Tropical rainforest","variant":0,"scale":0.913,"icon":"forest-tropical-rainforest-0"}},{"type":"Feature","geometry":{"type":"Point","coordinates":[72.50019546286806,-4.838915797987075]},"properties":{"Biome":"Tropical rainforest","variant":0,"scale":0.924,"icon":"forest-tropical-rainforest-0"}},{"type":"Feature","geometry":{"type":"Point","coordinates":[75.59284826179565,-6.305688797218428]},"properties":{"Biome":"Tropical rainforest","variant":2,"scale":1.103,"icon":"forest-tropical-rainforest-2"}},{"type":"Feature","geometry":{"type":"Point","coordinates":[71.48149866781675,0.34927980294883]},"properties":{"Biome":"Tropical rainforest","variant":2,"scale":1.108,"icon":"forest-tropical-rainforest-2"}},{"type":"Feature","geometry":{"type":"Point","coordinates":[71.90929612687904,1.1751132423538282]},"properties":{"Biome":"Tropical rainforest","variant":1,"scale":1.05,"icon":"forest-tropical-rainforest-1"}},{"type":"Feature","geometry":{"type":"Point","coordinates":[79.1688391597148,-7.6524571057544195]},"properties":{"Biome":"Tropical rainforest","variant":2,"scale":1.08,"icon":"forest-tropical-rainforest-2"}},{"type":"Feature","geometry":{"type":"Point","coordinates":[66.65237677436382,-3.4205380758372432]},"properties":{"Biome":"Tropical rainforest","variant":2,"scale":0.951,"icon":"forest-tropical-rainforest-2"}},{"type":"Feature","geometry":{"type":"Point","coordinates":[59.2878536411756,2.7443258048944954]},"properties":{"Biome":"Tropical rainforest","variant":1,"scale":0.996,"icon":"forest-tropical-rainforest-1"}},{"type":"Feature","geometry":{"type":"Point","coordinates":[51.57625503784128,3.339117454625639]},"properties":{"Biome":"Tropical rainforest","variant":0,"scale":1.102,"icon":"forest-tropical-rainforest-0"}},{"type":"Feature","geometry":{"type":"Point","coordinates":[52.838169350913304,2.0958364583524385]},"properties":{"Biome":"Tropical rainforest","variant":2,"scale":1.025,"icon":"forest-tropical-rainforest-2"}},{"type":"Feature","geometry":{"type":"Point","coordinates":[50.08702181383143,4.651494194872412]},"properties":{"Biome":"Tropical rainforest","variant":2,"scale":0.935,"icon":"forest-tropical-rainforest-2"}},{"type":"Feature","geometry":{"type":"Point","coordinates":[82.31194404239169,-9.887168642154489]},"properties":{"Biome":"Tropical rainforest","variant":2,"scale":1.113,"icon":"forest-tropical-rainforest-2"}},{"type":"Feature","geometry":{"type":"Point","coordinates":[64.85698037075636,1.5127169073801698]},"properties":{"Biome":"Tropical rainforest","variant":1,"scale":1.049,"icon":"forest-tropical-rainforest-1"}},{"type":"Feature","geometry":{"type":"Point","coordinates":[50.91373956670068,2.213377092945515]},"properties":{"Biome":"Tropical rainforest","variant":0,"scale":1.09,"icon":"forest-tropical-rainforest-0"}},{"type":"Feature","geometry":{"type":"Point","coordinates":[70.14923345029095,-0.9549111903795229]},"properties":{"Biome":"Tropical rainforest","variant":0,"scale":0.884,"icon":"forest-tropical-rainforest-0"}},{"type":"Feature","geometry":{"type":"Point","coordinates":[84.46854036245627,-11.144645539179875]},"properties":{"Biome":"Tropical rainforest","variant":0,"scale":1.035,"icon":"forest-tropical-rainforest-0"}},{"type":"Feature","geometry":{"type":"Point","coordinates":[44.7145635911264,0.660905010257229]},"properties":{"Biome":"Tropical rainforest","variant":2,"scale":0.911,"icon":"forest-tropical-rainforest-2"}},{"type":"Feature","geometry":{"type":"Point","coordinates":[80.44063108637629,-5.5110022749756515]},"properties":{"Biome":"Tropical rainforest","variant":1,"scale":1.021,"icon":"forest-tropical-rainforest-1"}},{"type":"Feature","geometry":{"type":"Point","coordinates":[52.44072586849082,2.6002028683601908]},"properties":{"Biome":"Tropical rainforest","variant":1,"scale":1.044,"icon":"forest-tropical-rainforest-1"}},{"type":"Feature","geometry":{"type":"Point","coordinates":[79.00185079903163,1.5715087758339878]},"properties":{"Biome":"Tropical rainforest","variant":0,"scale":0.918,"icon":"forest-tropical-rainforest-0"}},{"type":"Feature","geometry":{"type":"Point","coordinates":[80.27100650151978,-6.187398251038107]},"properties":{"Biome":"Tropical rainforest","variant":2,"scale":0.89,"icon":"forest-tropical-rainforest-2"}},{"type":"Feature","geometry":{"type":"Point","coordinates":[65.01595556917611,-1.9324001196339107]},"properties":{"Biome":"Tropical rainforest","variant":1,"scale":0.981,"icon":"forest-tropical-rainforest-1"}},{"type":"Feature","geometry":{"type":"Point","coordinates":[67.63036080070599,-4.616722253309981]},"properties":{"Biome":"Tropical rainforest","variant":0,"scale":0.982,"icon":"forest-tropical-rainforest-0"}},{"type":"Feature","geometry":{"type":"Point","coordinates":[70.54773198745073,-4.758533677563638]},"properties":{"Biome":"Tropical rainforest","variant":0,"scale":0.943,"icon":"forest-tropical-rainforest-0"}},{"type":"Feature","geometry":{"type":"Point","coordinates":[80.16702046029503,0.004810287338696197]},"properties":{"Biome":"Tropical rainforest","variant":0,"scale":1.1,"icon":"forest-tropical-rainforest-0"}},{"type":"Feature","geometry":{"type":"Point","coordinates":[53.49116167104451,-0.495026375210915]},"properties":{"Biome":"Tropical rainforest","variant":1,"scale":0.897,"icon":"forest-tropical-rainforest-1"}},{"type":"Feature","geometry":{"type":"Point","coordinates":[54.143373599151666,-0.39776360251443577]},"properties":{"Biome":"Tropical rainforest","variant":0,"scale":0.896,"icon":"forest-tropical-rainforest-0"}},{"type":"Feature","geometry":{"type":"Point","coordinates":[65.31034078182488,-1.4044270706085573]},"properties":{"Biome":"Tropical rainforest","variant":2,"scale":1.01,"icon":"forest-tropical-rainforest-2"}},{"type":"Feature","geometry":{"type":"Point","coordinates":[61.74196987767877,-2.257182725912967]},"properties":{"Biome":"Tropical rainforest","variant":2,"scale":0.884,"icon":"forest-tropical-rainforest-2"}},{"type":"Feature","geometry":{"type":"Point","coordinates":[49.14532496404325,2.8049511386824597]},"properties":{"Biome":"Tropical rainforest","variant":1,"scale":1.111,"icon":"forest-tropical-rainforest-1"}},{"type":"Feature","geometry":{"type":"Point","coordinates":[81.50221106978111,-8.243977857222498]},"properties":{"Biome":"Tropical rainforest","variant":1,"scale":1.064,"icon":"forest-tropical-rainforest-1"}},{"type":"Feature","geometry":{"type":"Point","coordinates":[61.14590475965563,-1.8957608484702697]},"properties":{"Biome":"Tropical rainforest","variant":1,"scale":0.997,"icon":"forest-tropical-rainforest-1"}},{"type":"Feature","geometry":{"type":"Point","coordinates":[58.57866689168032,4.395060974475672]},"properties":{"Biome":"Tropical rainforest","variant":0,"scale":1.079,"icon":"forest-tropical-rainforest-0"}},{"type":"Feature","geometry":{"type":"Point","coordinates":[41.617945422666416,0.75015388441581]},"properties":{"Biome":"Tropical rainforest","variant":2,"scale":1.091,"icon":"forest-tropical-rainforest-2"}},{"type":"Feature","geometry":{"type":"Point","coordinates":[81.29776659947164,-6.641506129511999]},"properties":{"Biome":"Tropical rainforest","variant":2,"scale":1.099,"icon":"forest-tropical-rainforest-2"}},{"type":"Feature","geometry":{"type":"Point","coordinates":[69.01719370494223,2.400845596629569]},"properties":{"Biome":"Tropical rainforest","variant":0,"scale":1.004,"icon":"forest-tropical-rainforest-0"}},{"type":"Feature","geometry":{"type":"Point","coordinates":[77.26738636263472,-0.20619371960556881]},"properties":{"Biome":"Tropical rainforest","variant":0,"scale":1.002,"icon":"forest-tropical-rainforest-0"}},{"type":"Feature","geometry":{"type":"Point","coordinates":[56.6477016091495,-1.4816376096438668]},"properties":{"Biome":"Tropical rainforest","variant":2,"scale":1.077,"icon":"forest-tropical-rainforest-2"}},{"type":"Feature","geometry":{"type":"Point","coordinates":[54.54249156798532,0.8450710597300235]},"properties":{"Biome":"Tropical rainforest","variant":0,"scale":0.965,"icon":"forest-tropical-rainforest-0"}},{"type":"Feature","geometry":{"type":"Point","coordinates":[38.719585561398574,-1.323565188951972]},"properties":{"Biome":"Tropical rainforest","variant":0,"scale":1.077,"icon":"forest-tropical-rainforest-0"}},{"type":"Feature","geometry":{"type":"Point","coordinates":[69.60780797712663,-4.299080389233639]},"properties":{"Biome":"Tropical rainforest","variant":2,"scale":0.974,"icon":"forest-tropical-rainforest-2"}},{"type":"Feature","geometry":{"type":"Point","coordinates":[57.63082930240046,0.14803535439962123]},"properties":{"Biome":"Tropical rainforest","variant":1,"scale":0.974,"icon":"forest-tropical-rainforest-1"}},{"type":"Feature","geometry":{"type":"Point","coordinates":[63.71654567402952,-2.6817175095584336]},"properties":{"Biome":"Tropical rainforest","variant":0,"scale":0.902,"icon":"forest-tropical-rainforest-0"}},{"type":"Feature","geometry":{"type":"Point","coordinates":[45.790142296270744,0.7865001053652134]},"properties":{"Biome":"Tropical rainforest","variant":0,"scale":1.06,"icon":"forest-tropical-rainforest-0"}},{"type":"Feature","geometry":{"type":"Point","coordinates":[60.256798814001726,-0.8033902956092615]},"properties":{"Biome":"Tropical rainforest","variant":1,"scale":1.007,"icon":"forest-tropical-rainforest-1"}},{"type":"Feature","geometry":{"type":"Point","coordinates":[52.08010830067301,0.8930036766800648]},"properties":{"Biome":"Tropical rainforest","variant":2,"scale":0.965,"icon":"forest-tropical-rainforest-2"}},{"type":"Feature","geometry":{"type":"Point","coordinates":[54.80295328934786,0.8279876240930453]},"properties":{"Biome":"Tropical rainforest","variant":1,"scale":0.961,"icon":"forest-tropical-rainforest-1"}},{"type":"Feature","geometry":{"type":"Point","coordinates":[37.640925231530616,2.0882515888298148]},"properties":{"Biome":"Tropical rainforest","variant":2,"scale":1.119,"icon":"forest-tropical-rainforest-2"}},{"type":"Feature","geometry":{"type":"Point","coordinates":[79.59861266604642,-8.171948283674993]},"properties":{"Biome":"Tropical rainforest","variant":1,"scale":1.047,"icon":"forest-tropical-rainforest-1"}},{"type":"Feature","geometry":{"type":"Point","coordinates":[76.41308888035846,-2.796347118688811]},"properties":{"Biome":"Tropical rainforest","variant":0,"scale":1.016,"icon":"forest-tropical-rainforest-0"}},{"type":"Feature","geometry":{"type":"Point","coordinates":[82.50973672134637,-9.00006335831749]},"properties":{"Biome":"Tropical rainforest","variant":2,"scale":0.932,"icon":"forest-tropical-rainforest-2"}},{"type":"Feature","geometry":{"type":"Point","coordinates":[62.432821202381575,-3.2212734463129946]},"properties":{"Biome":"Tropical rainforest","variant":2,"scale":1.04,"icon":"forest-tropical-rainforest-2"}},{"type":"Feature","geometry":{"type":"Point","coordinates":[74.09091314853016,1.0159961241832915]},"properties":{"Biome":"Tropical rainforest","variant":1,"scale":1.041,"icon":"forest-tropical-rainforest-1"}},{"type":"Feature","geometry":{"type":"Point","coordinates":[79.48028589857475,-5.6751463582212756]},"properties":{"Biome":"Tropical rainforest","variant":0,"scale":0.995,"icon":"forest-tropical-rainforest-0"}},{"type":"Feature","geometry":{"type":"Point","coordinates":[38.043863567340395,-1.5198419855108738]},"properties":{"Biome":"Tropical rainforest","variant":1,"scale":1.036,"icon":"forest-tropical-rainforest-1"}},{"type":"Feature","geometry":{"type":"Point","coordinates":[57.569028716761224,0.7140471585701814]},"properties":{"Biome":"Tropical rainforest","variant":0,"scale":0.964,"icon":"forest-tropical-rainforest-0"}},{"type":"Feature","geometry":{"type":"Point","coordinates":[42.79140742101747,-0.6753453786666778]},"properties":{"Biome":"Tropical rainforest","variant":0,"scale":1.065,"icon":"forest-tropical-rainforest-0"}},{"type":"Feature","geometry":{"type":"Point","coordinates":[77.53073754943152,0.5728898756237931]},"properties":{"Biome":"Tropical rainforest","variant":0,"scale":0.888,"icon":"forest-tropical-rainforest-0"}},{"type":"Feature","geometry":{"type":"Point","coordinates":[70.72342582748759,-4.778414493687336]},"properties":{"Biome":"Tropical rainforest","variant":2,"scale":0.909,"icon":"forest-tropical-rainforest-2"}},{"type":"Feature","geometry":{"type":"Point","coordinates":[45.496410668493354,3.4348404932307495]},"properties":{"Biome":"Tropical rainforest","variant":1,"scale":0.927,"icon":"forest-tropical-rainforest-1"}},{"type":"Feature","geometry":{"type":"Point","coordinates":[42.75444771777396,3.8526008956654834]},"properties":{"Biome":"Tropical rainforest","variant":0,"scale":0.982,"icon":"forest-tropical-rainforest-0"}},{"type":"Feature","geometry":{"type":"Point","coordinates":[43.30032049226115,6.285896220582178]},"properties":{"Biome":"Tropical rainforest","variant":0,"scale":0.987,"icon":"forest-tropical-rainforest-0"}},{"type":"Feature","geometry":{"type":"Point","coordinates":[48.66428197965184,5.989297370460385]},"properties":{"Biome":"Tropical rainforest","variant":2,"scale":0.944,"icon":"forest-tropical-rainforest-2"}},{"type":"Feature","geometry":{"type":"Point","coordinates":[48.62705036300789,5.64856817894697]},"properties":{"Biome":"Tropical rainforest","variant":2,"scale":1.08,"icon":"forest-tropical-rainforest-2"}},{"type":"Feature","geometry":{"type":"Point","coordinates":[44.151258801615946,7.3334903308006085]},"properties":{"Biome":"Tropical rainforest","variant":1,"scale":0.893,"icon":"forest-tropical-rainforest-1"}},{"type":"Feature","geometry":{"type":"Point","coordinates":[42.69343266613133,6.570823631274232]},"properties":{"Biome":"Tropical rainforest","variant":1,"scale":0.921,"icon":"forest-tropical-rainforest-1"}},{"type":"Feature","geometry":{"type":"Point","coordinates":[76.7613869697416,-8.572065793776046]},"properties":{"Biome":"Tropical rainforest","variant":2,"scale":1.004,"icon":"forest-tropical-rainforest-2"}},{"type":"Feature","geometry":{"type":"Point","coordinates":[78.76084558100821,-10.270182950960152]},"properties":{"Biome":"Tropical rainforest","variant":1,"scale":0.907,"icon":"forest-tropical-rainforest-1"}},{"type":"Feature","geometry":{"type":"Point","coordinates":[76.77802334672957,-9.065678153573286]},"properties":{"Biome":"Tropical rainforest","variant":0,"scale":0.921,"icon":"forest-tropical-rainforest-0"}},{"type":"Feature","geometry":{"type":"Point","coordinates":[78.45559136096162,-9.909669767539754]},"properties":{"Biome":"Tropical rainforest","variant":2,"scale":0.999,"icon":"forest-tropical-rainforest-2"}},{"type":"Feature","geometry":{"type":"Point","coordinates":[78.70720372753846,-11.148930554211619]},"properties":{"Biome":"Tropical rainforest","variant":1,"scale":0.927,"icon":"forest-tropical-rainforest-1"}},{"type":"Feature","geometry":{"type":"Point","coordinates":[79.70553513443284,-11.746888737816752]},"properties":{"Biome":"Tropical rainforest","variant":2,"scale":1.08,"icon":"forest-tropical-rainforest-2"}},{"type":"Feature","geometry":{"type":"Point","coordinates":[79.77884227971137,-17.17320279757095]},"properties":{"Biome":"Tropical rainforest","variant":1,"scale":0.992,"icon":"forest-tropical-rainforest-1"}},{"type":"Feature","geometry":{"type":"Point","coordinates":[83.31324018059341,-12.27143388765573]},"properties":{"Biome":"Tropical rainforest","variant":0,"scale":0.974,"icon":"forest-tropical-rainforest-0"}},{"type":"Feature","geometry":{"type":"Point","coordinates":[84.60319964879739,-13.896833656554996]},"properties":{"Biome":"Tropical rainforest","variant":1,"scale":0.963,"icon":"forest-tropical-rainforest-1"}},{"type":"Feature","geometry":{"type":"Point","coordinates":[83.68206967177748,-13.16767094496345]},"properties":{"Biome":"Tropical rainforest","variant":1,"scale":1.104,"icon":"forest-tropical-rainforest-1"}},{"type":"Feature","geometry":{"type":"Point","coordinates":[84.12385711891201,-15.509134541728043]},"properties":{"Biome":"Tropical rainforest","variant":0,"scale":1.07,"icon":"forest-tropical-rainforest-0"}},{"type":"Feature","geometry":{"type":"Point","coordinates":[87.2387566438751,-17.023311070319867]},"properties":{"Biome":"Tropical rainforest","variant":2,"scale":0.892,"icon":"forest-tropical-rainforest-2"}},{"type":"Feature","geometry":{"type":"Point","coordinates":[80.85705120981811,-17.184392170920972]},"properties":{"Biome":"Tropical rainforest","variant":1,"scale":1.052,"icon":"forest-tropical-rainforest-1"}},{"type":"Feature","geometry":{"type":"Point","coordinates":[82.43112586251341,-16.122644238203677]},"properties":{"Biome":"Tropical rainforest","variant":1,"scale":0.888,"icon":"forest-tropical-rainforest-1"}},{"type":"Feature","geometry":{"type":"Point","coordinates":[80.67655349632112,-15.003572689773074]},"properties":{"Biome":"Tropical rainforest","variant":1,"scale":0.944,"icon":"forest-tropical-rainforest-1"}},{"type":"Feature","geometry":{"type":"Point","coordinates":[82.53410711653267,-13.82710748713845]},"properties":{"Biome":"Tropical rainforest","variant":1,"scale":1.113,"icon":"forest-tropical-rainforest-1"}},{"type":"Feature","geometry":{"type":"Point","coordinates":[81.3496157083241,-13.820668393170862]},"properties":{"Biome":"Tropical rainforest","variant":1,"scale":1.016,"icon":"forest-tropical-rainforest-1"}},{"type":"Feature","geometry":{"type":"Point","coordinates":[81.24520521224132,5.557595039268412]},"properties":{"Biome":"Tropical rainforest","variant":2,"scale":0.995,"icon":"forest-tropical-rainforest-2"}},{"type":"Feature","geometry":{"type":"Point","coordinates":[-79.97560726958696,-37.35450777344004]},"properties":{"Biome":"Temperate rainforest","variant":2,"scale":0.894,"icon":"forest-temperate-rainforest-2"}},{"type":"Feature","geometry":{"type":"Point","coordinates":[-66.56826330205998,-25.554612853017986]},"properties":{"Biome":"Temperate rainforest","variant":2,"scale":0.929,"icon":"forest-temperate-rainforest-2"}},{"type":"Feature","geometry":{"type":"Point","coordinates":[-61.00006871933999,-37.119697393682856]},"properties":{"Biome":"Temperate rainforest","variant":1,"scale":1.028,"icon":"forest-temperate-rainforest-1"}},{"type":"Feature","geometry":{"type":"Point","coordinates":[-59.47840713337833,-37.68450978882212]},"properties":{"Biome":"Temperate rainforest","variant":2,"scale":0.922,"icon":"forest-temperate-rainforest-2"}},{"type":"Feature","geometry":{"type":"Point","coordinates":[-75.15994012802352,-29.530314835282795]},"properties":{"Biome":"Temperate rainforest","variant":2,"scale":1.013,"icon":"forest-temperate-rainforest-2"}},{"type":"Feature","geometry":{"type":"Point","coordinates":[-79.05690854507795,-30.110190186906724]},"properties":{"Biome":"Temperate rainforest","variant":0,"scale":0.905,"icon":"forest-temperate-rainforest-0"}},{"type":"Feature","geometry":{"type":"Point","coordinates":[-72.27475274626464,-28.282586218985475]},"properties":{"Biome":"Temperate rainforest","variant":2,"scale":1.102,"icon":"forest-temperate-rainforest-2"}},{"type":"Feature","geometry":{"type":"Point","coordinates":[-81.17208366058978,-37.82809787278269]},"properties":{"Biome":"Temperate rainforest","variant":0,"scale":0.886,"icon":"forest-temperate-rainforest-0"}},{"type":"Feature","geometry":{"type":"Point","coordinates":[-74.21464602042438,-28.72031242327325]},"properties":{"Biome":"Temperate rainforest","variant":1,"scale":0.974,"icon":"forest-temperate-rainforest-1"}},{"type":"Feature","geometry":{"type":"Point","coordinates":[-77.34142720672618,-38.19144964454658]},"properties":{"Biome":"Temperate rainforest","variant":1,"scale":0.955,"icon":"forest-temperate-rainforest-1"}},{"type":"Feature","geometry":{"type":"Point","coordinates":[-75.12956119702963,-36.97154031555405]},"properties":{"Biome":"Temperate rainforest","variant":1,"scale":1.061,"icon":"forest-temperate-rainforest-1"}},{"type":"Feature","geometry":{"type":"Point","coordinates":[-66.47760326696869,-26.031716228295476]},"properties":{"Biome":"Temperate rainforest","variant":2,"scale":1.09,"icon":"forest-temperate-rainforest-2"}},{"type":"Feature","geometry":{"type":"Point","coordinates":[-73.92767116316165,-37.058092387495286]},"properties":{"Biome":"Temperate rainforest","variant":2,"scale":0.956,"icon":"forest-temperate-rainforest-2"}},{"type":"Feature","geometry":{"type":"Point","coordinates":[-61.206604900867205,-32.952589793446926]},"properties":{"Biome":"Temperate rainforest","variant":1,"scale":1.066,"icon":"forest-temperate-rainforest-1"}},{"type":"Feature","geometry":{"type":"Point","coordinates":[-61.907440286710056,-37.32207666458286]},"properties":{"Biome":"Temperate rainforest","variant":0,"scale":1.083,"icon":"forest-temperate-rainforest-0"}},{"type":"Feature","geometry":{"type":"Point","coordinates":[-70.5835310807563,-27.999846973271588]},"properties":{"Biome":"Temperate rainforest","variant":2,"scale":1.011,"icon":"forest-temperate-rainforest-2"}},{"type":"Feature","geometry":{"type":"Point","coordinates":[-79.08295589689419,-28.196339989458277]},"properties":{"Biome":"Temperate rainforest","variant":1,"scale":1.071,"icon":"forest-temperate-rainforest-1"}},{"type":"Feature","geometry":{"type":"Point","coordinates":[-62.1070473307501,-35.2805618769085]},"properties":{"Biome":"Temperate rainforest","variant":1,"scale":1.095,"icon":"forest-temperate-rainforest-1"}},{"type":"Feature","geometry":{"type":"Point","coordinates":[-73.68328623822269,-36.62420459105989]},"properties":{"Biome":"Temperate rainforest","variant":1,"scale":1.038,"icon":"forest-temperate-rainforest-1"}},{"type":"Feature","geometry":{"type":"Point","coordinates":[-76.66515591712007,-27.91235527396566]},"properties":{"Biome":"Temperate rainforest","variant":1,"scale":0.891,"icon":"forest-temperate-rainforest-1"}},{"type":"Feature","geometry":{"type":"Point","coordinates":[-76.97619034713476,-30.04614312469419]},"properties":{"Biome":"Temperate rainforest","variant":0,"scale":1.014,"icon":"forest-temperate-rainforest-0"}},{"type":"Feature","geometry":{"type":"Point","coordinates":[-72.73492329911114,-26.743971064521627]},"properties":{"Biome":"Temperate rainforest","variant":1,"scale":0.932,"icon":"forest-temperate-rainforest-1"}},{"type":"Feature","geometry":{"type":"Point","coordinates":[-68.87671840795672,-27.961806712942348]},"properties":{"Biome":"Temperate rainforest","variant":2,"scale":1.053,"icon":"forest-temperate-rainforest-2"}},{"type":"Feature","geometry":{"type":"Point","coordinates":[-79.65934093027222,-37.92677658078219]},"properties":{"Biome":"Temperate rainforest","variant":2,"scale":0.915,"icon":"forest-temperate-rainforest-2"}},{"type":"Feature","geometry":{"type":"Point","coordinates":[-62.71673010344188,-38.15599948774533]},"properties":{"Biome":"Temperate rainforest","variant":1,"scale":1.11,"icon":"forest-temperate-rainforest-1"}},{"type":"Feature","geometry":{"type":"Point","coordinates":[-77.06517737109544,-28.212027204680382]},"properties":{"Biome":"Temperate rainforest","variant":0,"scale":1.11,"icon":"forest-temperate-rainforest-0"}},{"type":"Feature","geometry":{"type":"Point","coordinates":[-69.74021600339127,-27.27847411131621]},"properties":{"Biome":"Temperate rainforest","variant":1,"scale":1.05,"icon":"forest-temperate-rainforest-1"}},{"type":"Feature","geometry":{"type":"Point","coordinates":[-71.42812408582174,-27.457443008266633]},"properties":{"Biome":"Temperate rainforest","variant":1,"scale":0.922,"icon":"forest-temperate-rainforest-1"}},{"type":"Feature","geometry":{"type":"Point","coordinates":[-75.41317821291514,-26.28646004785783]},"properties":{"Biome":"Temperate rainforest","variant":1,"scale":0.993,"icon":"forest-temperate-rainforest-1"}},{"type":"Feature","geometry":{"type":"Point","coordinates":[-63.96752594000015,-30.172599131567083]},"properties":{"Biome":"Temperate rainforest","variant":1,"scale":0.997,"icon":"forest-temperate-rainforest-1"}},{"type":"Feature","geometry":{"type":"Point","coordinates":[-59.958185026693464,-32.14035555817394]},"properties":{"Biome":"Temperate rainforest","variant":2,"scale":1.026,"icon":"forest-temperate-rainforest-2"}},{"type":"Feature","geometry":{"type":"Point","coordinates":[-68.61129717681932,-27.197193554621716]},"properties":{"Biome":"Temperate rainforest","variant":2,"scale":1.118,"icon":"forest-temperate-rainforest-2"}},{"type":"Feature","geometry":{"type":"Point","coordinates":[-65.02218495398989,-30.62231122599102]},"properties":{"Biome":"Temperate rainforest","variant":1,"scale":0.926,"icon":"forest-temperate-rainforest-1"}},{"type":"Feature","geometry":{"type":"Point","coordinates":[-62.16452120608817,-30.195208370260286]},"properties":{"Biome":"Temperate rainforest","variant":1,"scale":0.998,"icon":"forest-temperate-rainforest-1"}},{"type":"Feature","geometry":{"type":"Point","coordinates":[-74.4189344591361,-25.905725080695085]},"properties":{"Biome":"Temperate rainforest","variant":1,"scale":0.884,"icon":"forest-temperate-rainforest-1"}},{"type":"Feature","geometry":{"type":"Point","coordinates":[-81.94056883279261,-38.59067323082832]},"properties":{"Biome":"Temperate rainforest","variant":0,"scale":0.95,"icon":"forest-temperate-rainforest-0"}},{"type":"Feature","geometry":{"type":"Point","coordinates":[-82.5896036518348,-38.23455697158338]},"properties":{"Biome":"Temperate rainforest","variant":2,"scale":0.894,"icon":"forest-temperate-rainforest-2"}},{"type":"Feature","geometry":{"type":"Point","coordinates":[-60.01565590811897,-32.081032729281134]},"properties":{"Biome":"Temperate rainforest","variant":0,"scale":1.054,"icon":"forest-temperate-rainforest-0"}},{"type":"Feature","geometry":{"type":"Point","coordinates":[-73.93583052951622,-25.360789499541166]},"properties":{"Biome":"Temperate rainforest","variant":2,"scale":1.057,"icon":"forest-temperate-rainforest-2"}},{"type":"Feature","geometry":{"type":"Point","coordinates":[-77.93780161380755,-40.55229714214236]},"properties":{"Biome":"Temperate rainforest","variant":1,"scale":0.995,"icon":"forest-temperate-rainforest-1"}},{"type":"Feature","geometry":{"type":"Point","coordinates":[-76.97106120634777,-39.24713164322954]},"properties":{"Biome":"Temperate rainforest","variant":2,"scale":0.998,"icon":"forest-temperate-rainforest-2"}},{"type":"Feature","geometry":{"type":"Point","coordinates":[-75.35665095875467,-37.07390854807654]},"properties":{"Biome":"Temperate rainforest","variant":2,"scale":0.917,"icon":"forest-temperate-rainforest-2"}},{"type":"Feature","geometry":{"type":"Point","coordinates":[-76.72912526155795,-26.447142008519776]},"properties":{"Biome":"Temperate rainforest","variant":2,"scale":1.092,"icon":"forest-temperate-rainforest-2"}},{"type":"Feature","geometry":{"type":"Point","coordinates":[-71.38618970375768,-27.981016386371255]},"properties":{"Biome":"Temperate rainforest","variant":0,"scale":1.116,"icon":"forest-temperate-rainforest-0"}},{"type":"Feature","geometry":{"type":"Point","coordinates":[-66.69032265321653,-36.94585479183638]},"properties":{"Biome":"Temperate rainforest","variant":2,"scale":1.027,"icon":"forest-temperate-rainforest-2"}},{"type":"Feature","geometry":{"type":"Point","coordinates":[-75.06739932766088,-27.352209162744614]},"properties":{"Biome":"Temperate rainforest","variant":0,"scale":0.995,"icon":"forest-temperate-rainforest-0"}},{"type":"Feature","geometry":{"type":"Point","coordinates":[-67.78715501518333,-28.06413109010562]},"properties":{"Biome":"Temperate rainforest","variant":1,"scale":0.962,"icon":"forest-temperate-rainforest-1"}},{"type":"Feature","geometry":{"type":"Point","coordinates":[-76.59917665988944,-27.763218769005217]},"properties":{"Biome":"Temperate rainforest","variant":0,"scale":0.928,"icon":"forest-temperate-rainforest-0"}},{"type":"Feature","geometry":{"type":"Point","coordinates":[-68.78281707286916,-24.96085652674077]},"properties":{"Biome":"Temperate rainforest","variant":0,"scale":0.962,"icon":"forest-temperate-rainforest-0"}},{"type":"Feature","geometry":{"type":"Point","coordinates":[-64.22267123454068,-32.91670191520487]},"properties":{"Biome":"Temperate rainforest","variant":0,"scale":1.088,"icon":"forest-temperate-rainforest-0"}},{"type":"Feature","geometry":{"type":"Point","coordinates":[-62.854293758034494,-32.13891304301139]},"properties":{"Biome":"Temperate rainforest","variant":2,"scale":0.973,"icon":"forest-temperate-rainforest-2"}},{"type":"Feature","geometry":{"type":"Point","coordinates":[-73.41375161127173,-28.499284646370988]},"properties":{"Biome":"Temperate rainforest","variant":1,"scale":1.105,"icon":"forest-temperate-rainforest-1"}},{"type":"Feature","geometry":{"type":"Point","coordinates":[-73.5150214054879,-25.34654685595703]},"properties":{"Biome":"Temperate rainforest","variant":0,"scale":1.052,"icon":"forest-temperate-rainforest-0"}},{"type":"Feature","geometry":{"type":"Point","coordinates":[-76.29466626640306,-39.50943222613962]},"properties":{"Biome":"Temperate rainforest","variant":0,"scale":0.99,"icon":"forest-temperate-rainforest-0"}},{"type":"Feature","geometry":{"type":"Point","coordinates":[-73.36729166442635,-26.777868052949113]},"properties":{"Biome":"Temperate rainforest","variant":1,"scale":0.925,"icon":"forest-temperate-rainforest-1"}},{"type":"Feature","geometry":{"type":"Point","coordinates":[-67.99982312605565,-27.125222758721172]},"properties":{"Biome":"Temperate rainforest","variant":0,"scale":1.024,"icon":"forest-temperate-rainforest-0"}},{"type":"Feature","geometry":{"type":"Point","coordinates":[-69.4183623602343,-25.990034565607463]},"properties":{"Biome":"Temperate rainforest","variant":1,"scale":0.937,"icon":"forest-temperate-rainforest-1"}},{"type":"Feature","geometry":{"type":"Point","coordinates":[-62.90461788448587,-34.43865930588584]},"properties":{"Biome":"Temperate rainforest","variant":0,"scale":1.083,"icon":"forest-temperate-rainforest-0"}},{"type":"Feature","geometry":{"type":"Point","coordinates":[-74.41648420384006,-25.705387552928908]},"properties":{"Biome":"Temperate rainforest","variant":2,"scale":1.106,"icon":"forest-temperate-rainforest-2"}},{"type":"Feature","geometry":{"type":"Point","coordinates":[-63.12260929213564,-32.73444625779521]},"properties":{"Biome":"Temperate rainforest","variant":0,"scale":0.985,"icon":"forest-temperate-rainforest-0"}},{"type":"Feature","geometry":{"type":"Point","coordinates":[-66.94965260335799,-28.266557528633367]},"properties":{"Biome":"Temperate rainforest","variant":0,"scale":1.112,"icon":"forest-temperate-rainforest-0"}},{"type":"Feature","geometry":{"type":"Point","coordinates":[-82.1037222947566,-18.41681066362914]},"properties":{"Biome":"Temperate rainforest","variant":0,"scale":0.917,"icon":"forest-temperate-rainforest-0"}},{"type":"Feature","geometry":{"type":"Point","coordinates":[-79.86297041492651,-17.885217550081553]},"properties":{"Biome":"Temperate rainforest","variant":1,"scale":1.051,"icon":"forest-temperate-rainforest-1"}},{"type":"Feature","geometry":{"type":"Point","coordinates":[-78.92732824710605,-16.443931805123604]},"properties":{"Biome":"Temperate rainforest","variant":0,"scale":0.98,"icon":"forest-temperate-rainforest-0"}},{"type":"Feature","geometry":{"type":"Point","coordinates":[-78.49833920355843,-17.131533058110946]},"properties":{"Biome":"Temperate rainforest","variant":0,"scale":1.031,"icon":"forest-temperate-rainforest-0"}},{"type":"Feature","geometry":{"type":"Point","coordinates":[-80.84389793044043,-17.194465934966743]},"properties":{"Biome":"Temperate rainforest","variant":2,"scale":0.902,"icon":"forest-temperate-rainforest-2"}},{"type":"Feature","geometry":{"type":"Point","coordinates":[-80.38114040595582,-16.996989013470994]},"properties":{"Biome":"Temperate rainforest","variant":2,"scale":0.98,"icon":"forest-temperate-rainforest-2"}},{"type":"Feature","geometry":{"type":"Point","coordinates":[-78.8026687003832,-12.871472546519476]},"properties":{"Biome":"Temperate rainforest","variant":2,"scale":1.053,"icon":"forest-temperate-rainforest-2"}},{"type":"Feature","geometry":{"type":"Point","coordinates":[-79.42790000067154,-10.46855614896081]},"properties":{"Biome":"Temperate rainforest","variant":2,"scale":1.072,"icon":"forest-temperate-rainforest-2"}},{"type":"Feature","geometry":{"type":"Point","coordinates":[-76.76595380746073,-13.992728028995234]},"properties":{"Biome":"Temperate rainforest","variant":2,"scale":1.009,"icon":"forest-temperate-rainforest-2"}},{"type":"Feature","geometry":{"type":"Point","coordinates":[-78.84979474597054,-12.71519494846681]},"properties":{"Biome":"Temperate rainforest","variant":1,"scale":1.065,"icon":"forest-temperate-rainforest-1"}},{"type":"Feature","geometry":{"type":"Point","coordinates":[-77.04835131542573,-12.310015073870563]},"properties":{"Biome":"Temperate rainforest","variant":0,"scale":0.958,"icon":"forest-temperate-rainforest-0"}},{"type":"Feature","geometry":{"type":"Point","coordinates":[-77.90584763408522,-11.915086108356666]},"properties":{"Biome":"Temperate rainforest","variant":1,"scale":0.927,"icon":"forest-temperate-rainforest-1"}},{"type":"Feature","geometry":{"type":"Point","coordinates":[-82.96853999853846,-11.432000201774152]},"properties":{"Biome":"Temperate rainforest","variant":0,"scale":0.893,"icon":"forest-temperate-rainforest-0"}},{"type":"Feature","geometry":{"type":"Point","coordinates":[-82.9870379830319,-9.733618180777746]},"properties":{"Biome":"Temperate rainforest","variant":1,"scale":1.037,"icon":"forest-temperate-rainforest-1"}},{"type":"Feature","geometry":{"type":"Point","coordinates":[-71.06028035674997,-38.57651658921206]},"properties":{"Biome":"Temperate rainforest","variant":0,"scale":1.069,"icon":"forest-temperate-rainforest-0"}},{"type":"Feature","geometry":{"type":"Point","coordinates":[-70.79053943024867,-39.32837628437648]},"properties":{"Biome":"Temperate rainforest","variant":2,"scale":0.912,"icon":"forest-temperate-rainforest-2"}},{"type":"Feature","geometry":{"type":"Point","coordinates":[-73.61369954698625,-40.62922944274099]},"properties":{"Biome":"Temperate rainforest","variant":1,"scale":0.895,"icon":"forest-temperate-rainforest-1"}},{"type":"Feature","geometry":{"type":"Point","coordinates":[-71.55532736254334,-39.121171553008075]},"properties":{"Biome":"Temperate rainforest","variant":1,"scale":1.042,"icon":"forest-temperate-rainforest-1"}},{"type":"Feature","geometry":{"type":"Point","coordinates":[-74.74770556833761,3.091645498967122]},"properties":{"Biome":"Temperate rainforest","variant":0,"scale":0.988,"icon":"forest-temperate-rainforest-0"}},{"type":"Feature","geometry":{"type":"Point","coordinates":[-67.80258890130122,39.35597292361443]},"properties":{"Biome":"Temperate rainforest","variant":0,"scale":1.071,"icon":"forest-temperate-rainforest-0"}},{"type":"Feature","geometry":{"type":"Point","coordinates":[-67.21404955529258,37.00304567603437]},"properties":{"Biome":"Temperate rainforest","variant":0,"scale":1.005,"icon":"forest-temperate-rainforest-0"}},{"type":"Feature","geometry":{"type":"Point","coordinates":[-72.52927333153322,40.29596602356059]},"properties":{"Biome":"Temperate rainforest","variant":2,"scale":1.027,"icon":"forest-temperate-rainforest-2"}},{"type":"Feature","geometry":{"type":"Point","coordinates":[-69.67495810079939,40.76310589108137]},"properties":{"Biome":"Temperate rainforest","variant":1,"scale":1.052,"icon":"forest-temperate-rainforest-1"}},{"type":"Feature","geometry":{"type":"Point","coordinates":[-71.00115673551444,41.15213127891793]},"properties":{"Biome":"Temperate rainforest","variant":2,"scale":1.07,"icon":"forest-temperate-rainforest-2"}},{"type":"Feature","geometry":{"type":"Point","coordinates":[-70.05711743940894,39.90047164855157]},"properties":{"Biome":"Temperate rainforest","variant":0,"scale":0.906,"icon":"forest-temperate-rainforest-0"}},{"type":"Feature","geometry":{"type":"Point","coordinates":[-69.9844406458793,39.15058063095397]},"properties":{"Biome":"Temperate rainforest","variant":2,"scale":1.038,"icon":"forest-temperate-rainforest-2"}},{"type":"Feature","geometry":{"type":"Point","coordinates":[-66.74062350522352,37.87610328353326]},"properties":{"Biome":"Temperate rainforest","variant":1,"scale":0.89,"icon":"forest-temperate-rainforest-1"}},{"type":"Feature","geometry":{"type":"Point","coordinates":[-70.50452445952169,39.110999930815396]},"properties":{"Biome":"Temperate rainforest","variant":0,"scale":0.933,"icon":"forest-temperate-rainforest-0"}},{"type":"Feature","geometry":{"type":"Point","coordinates":[-72.89239636913487,34.78269440628135]},"properties":{"Biome":"Temperate rainforest","variant":0,"scale":1.091,"icon":"forest-temperate-rainforest-0"}},{"type":"Feature","geometry":{"type":"Point","coordinates":[-68.34403412423089,-30.09682289150395]},"properties":{"Biome":"Temperate rainforest","variant":2,"scale":1.007,"icon":"forest-temperate-rainforest-2"}},{"type":"Feature","geometry":{"type":"Point","coordinates":[-68.78886358010297,-29.483669094392955]},"properties":{"Biome":"Temperate rainforest","variant":1,"scale":0.943,"icon":"forest-temperate-rainforest-1"}},{"type":"Feature","geometry":{"type":"Point","coordinates":[-72.5985509446022,-30.29024934688564]},"properties":{"Biome":"Temperate rainforest","variant":1,"scale":0.969,"icon":"forest-temperate-rainforest-1"}},{"type":"Feature","geometry":{"type":"Point","coordinates":[-70.44939782592456,37.00443536810935]},"properties":{"Biome":"Temperate rainforest","variant":0,"scale":0.986,"icon":"forest-temperate-rainforest-0"}},{"type":"Feature","geometry":{"type":"Point","coordinates":[-68.09236465594802,40.68040584486857]},"properties":{"Biome":"Temperate rainforest","variant":0,"scale":1.068,"icon":"forest-temperate-rainforest-0"}},{"type":"Feature","geometry":{"type":"Point","coordinates":[-66.34075223749123,-28.14783244497838]},"properties":{"Biome":"Temperate rainforest","variant":1,"scale":0.937,"icon":"forest-temperate-rainforest-1"}},{"type":"Feature","geometry":{"type":"Point","coordinates":[-60.49325963976234,-22.784850378348775]},"properties":{"Biome":"Temperate rainforest","variant":1,"scale":1.065,"icon":"forest-temperate-rainforest-1"}},{"type":"Feature","geometry":{"type":"Point","coordinates":[-61.63848854997444,-22.256391105313757]},"properties":{"Biome":"Temperate rainforest","variant":1,"scale":1.029,"icon":"forest-temperate-rainforest-1"}},{"type":"Feature","geometry":{"type":"Point","coordinates":[-65.70312222819933,-22.1435991777096]},"properties":{"Biome":"Temperate rainforest","variant":0,"scale":1.032,"icon":"forest-temperate-rainforest-0"}},{"type":"Feature","geometry":{"type":"Point","coordinates":[-61.81458985557112,-22.83382607482482]},"properties":{"Biome":"Temperate rainforest","variant":2,"scale":0.895,"icon":"forest-temperate-rainforest-2"}},{"type":"Feature","geometry":{"type":"Point","coordinates":[-66.44416358439186,-21.673118718097342]},"properties":{"Biome":"Temperate rainforest","variant":2,"scale":1.001,"icon":"forest-temperate-rainforest-2"}},{"type":"Feature","geometry":{"type":"Point","coordinates":[-65.14854545848922,-21.17623965307286]},"properties":{"Biome":"Temperate rainforest","variant":0,"scale":0.908,"icon":"forest-temperate-rainforest-0"}},{"type":"Feature","geometry":{"type":"Point","coordinates":[-65.49161465946253,-19.94085130871947]},"properties":{"Biome":"Temperate rainforest","variant":1,"scale":1.068,"icon":"forest-temperate-rainforest-1"}},{"type":"Feature","geometry":{"type":"Point","coordinates":[-61.67354223940124,-22.83921505778769]},"properties":{"Biome":"Temperate rainforest","variant":2,"scale":1.023,"icon":"forest-temperate-rainforest-2"}},{"type":"Feature","geometry":{"type":"Point","coordinates":[-64.34986789483064,-21.62076951483842]},"properties":{"Biome":"Temperate rainforest","variant":0,"scale":0.949,"icon":"forest-temperate-rainforest-0"}},{"type":"Feature","geometry":{"type":"Point","coordinates":[-66.8587302593355,-22.0963995657202]},"properties":{"Biome":"Temperate rainforest","variant":2,"scale":0.909,"icon":"forest-temperate-rainforest-2"}},{"type":"Feature","geometry":{"type":"Point","coordinates":[-62.884702977626404,-21.00484566394922]},"properties":{"Biome":"Temperate rainforest","variant":1,"scale":0.913,"icon":"forest-temperate-rainforest-1"}},{"type":"Feature","geometry":{"type":"Point","coordinates":[-66.35912597152092,21.014670129361505]},"properties":{"Biome":"Temperate rainforest","variant":2,"scale":0.911,"icon":"forest-temperate-rainforest-2"}},{"type":"Feature","geometry":{"type":"Point","coordinates":[-66.52531547238718,39.65316249229799]},"properties":{"Biome":"Temperate rainforest","variant":0,"scale":1.087,"icon":"forest-temperate-rainforest-0"}},{"type":"Feature","geometry":{"type":"Point","coordinates":[-62.60682918206557,40.12134764685506]},"properties":{"Biome":"Temperate rainforest","variant":1,"scale":0.99,"icon":"forest-temperate-rainforest-1"}},{"type":"Feature","geometry":{"type":"Point","coordinates":[-64.30577332838465,40.44830212985963]},"properties":{"Biome":"Temperate rainforest","variant":0,"scale":1.03,"icon":"forest-temperate-rainforest-0"}},{"type":"Feature","geometry":{"type":"Point","coordinates":[-67.680847043833,41.97677938828322]},"properties":{"Biome":"Temperate rainforest","variant":1,"scale":0.971,"icon":"forest-temperate-rainforest-1"}},{"type":"Feature","geometry":{"type":"Point","coordinates":[-61.12232759299735,35.01226340196734]},"properties":{"Biome":"Temperate rainforest","variant":0,"scale":1.11,"icon":"forest-temperate-rainforest-0"}},{"type":"Feature","geometry":{"type":"Point","coordinates":[-60.28254375044709,34.78298650340593]},"properties":{"Biome":"Temperate rainforest","variant":1,"scale":0.883,"icon":"forest-temperate-rainforest-1"}},{"type":"Feature","geometry":{"type":"Point","coordinates":[-61.616415620685764,37.014968654671186]},"properties":{"Biome":"Temperate rainforest","variant":1,"scale":0.963,"icon":"forest-temperate-rainforest-1"}},{"type":"Feature","geometry":{"type":"Point","coordinates":[-61.82333146553228,23.70418971700607]},"properties":{"Biome":"Temperate rainforest","variant":0,"scale":0.909,"icon":"forest-temperate-rainforest-0"}},{"type":"Feature","geometry":{"type":"Point","coordinates":[-55.12111530770868,24.157957359522335]},"properties":{"Biome":"Temperate rainforest","variant":0,"scale":1.051,"icon":"forest-temperate-rainforest-0"}},{"type":"Feature","geometry":{"type":"Point","coordinates":[-60.66052909105022,24.237404303199327]},"properties":{"Biome":"Temperate rainforest","variant":1,"scale":1.039,"icon":"forest-temperate-rainforest-1"}},{"type":"Feature","geometry":{"type":"Point","coordinates":[-56.90093403523102,24.743617321354286]},"properties":{"Biome":"Temperate rainforest","variant":0,"scale":0.95,"icon":"forest-temperate-rainforest-0"}},{"type":"Feature","geometry":{"type":"Point","coordinates":[-58.138745224453906,37.270304030649754]},"properties":{"Biome":"Temperate rainforest","variant":0,"scale":0.947,"icon":"forest-temperate-rainforest-0"}},{"type":"Feature","geometry":{"type":"Point","coordinates":[-57.46334906170038,35.79408550755246]},"properties":{"Biome":"Temperate rainforest","variant":2,"scale":1.039,"icon":"forest-temperate-rainforest-2"}},{"type":"Feature","geometry":{"type":"Point","coordinates":[-61.356417108578,39.575565224827564]},"properties":{"Biome":"Temperate rainforest","variant":0,"scale":0.989,"icon":"forest-temperate-rainforest-0"}},{"type":"Feature","geometry":{"type":"Point","coordinates":[-56.16360912101634,-33.579816393642176]},"properties":{"Biome":"Temperate rainforest","variant":2,"scale":0.899,"icon":"forest-temperate-rainforest-2"}},{"type":"Feature","geometry":{"type":"Point","coordinates":[-53.920140851319665,-33.34897181952173]},"properties":{"Biome":"Temperate rainforest","variant":0,"scale":0.949,"icon":"forest-temperate-rainforest-0"}},{"type":"Feature","geometry":{"type":"Point","coordinates":[-53.90128386498978,-32.56540817342174]},"properties":{"Biome":"Temperate rainforest","variant":2,"scale":0.997,"icon":"forest-temperate-rainforest-2"}},{"type":"Feature","geometry":{"type":"Point","coordinates":[-53.754262325446895,-32.26247214349819]},"properties":{"Biome":"Temperate rainforest","variant":2,"scale":0.904,"icon":"forest-temperate-rainforest-2"}},{"type":"Feature","geometry":{"type":"Point","coordinates":[-52.58900391967192,-24.90170500504756]},"properties":{"Biome":"Temperate rainforest","variant":2,"scale":1.042,"icon":"forest-temperate-rainforest-2"}},{"type":"Feature","geometry":{"type":"Point","coordinates":[-50.1686536671045,-26.22989075797452]},"properties":{"Biome":"Temperate rainforest","variant":1,"scale":0.886,"icon":"forest-temperate-rainforest-1"}},{"type":"Feature","geometry":{"type":"Point","coordinates":[-54.20994227068285,-23.589763889949754]},"properties":{"Biome":"Temperate rainforest","variant":1,"scale":0.912,"icon":"forest-temperate-rainforest-1"}},{"type":"Feature","geometry":{"type":"Point","coordinates":[-51.544112663548816,-25.5346793531126]},"properties":{"Biome":"Temperate rainforest","variant":1,"scale":1.071,"icon":"forest-temperate-rainforest-1"}},{"type":"Feature","geometry":{"type":"Point","coordinates":[-50.76329464204743,-26.012494796056995]},"properties":{"Biome":"Temperate rainforest","variant":0,"scale":0.981,"icon":"forest-temperate-rainforest-0"}},{"type":"Feature","geometry":{"type":"Point","coordinates":[-56.64907925454402,-22.89945830605773]},"properties":{"Biome":"Temperate rainforest","variant":1,"scale":0.989,"icon":"forest-temperate-rainforest-1"}},{"type":"Feature","geometry":{"type":"Point","coordinates":[-56.33390003119397,-21.731188153557888]},"properties":{"Biome":"Temperate rainforest","variant":1,"scale":1.1,"icon":"forest-temperate-rainforest-1"}},{"type":"Feature","geometry":{"type":"Point","coordinates":[-56.13922767031446,26.09922181159707]},"properties":{"Biome":"Temperate rainforest","variant":2,"scale":0.923,"icon":"forest-temperate-rainforest-2"}},{"type":"Feature","geometry":{"type":"Point","coordinates":[-54.07634709552029,27.5339862503518]},"properties":{"Biome":"Temperate rainforest","variant":1,"scale":1.005,"icon":"forest-temperate-rainforest-1"}},{"type":"Feature","geometry":{"type":"Point","coordinates":[-58.39381781145144,34.03138298632046]},"properties":{"Biome":"Temperate rainforest","variant":0,"scale":1.093,"icon":"forest-temperate-rainforest-0"}},{"type":"Feature","geometry":{"type":"Point","coordinates":[-54.739608429596075,36.38486153445659]},"properties":{"Biome":"Temperate rainforest","variant":2,"scale":0.893,"icon":"forest-temperate-rainforest-2"}},{"type":"Feature","geometry":{"type":"Point","coordinates":[-50.453331886923195,-34.62426817994472]},"properties":{"Biome":"Temperate rainforest","variant":1,"scale":0.963,"icon":"forest-temperate-rainforest-1"}},{"type":"Feature","geometry":{"type":"Point","coordinates":[-39.24983372780967,-33.23036456223809]},"properties":{"Biome":"Temperate rainforest","variant":2,"scale":0.963,"icon":"forest-temperate-rainforest-2"}},{"type":"Feature","geometry":{"type":"Point","coordinates":[-37.2392933162209,-32.46095320374549]},"properties":{"Biome":"Temperate rainforest","variant":1,"scale":1.089,"icon":"forest-temperate-rainforest-1"}},{"type":"Feature","geometry":{"type":"Point","coordinates":[-40.93760499488071,-33.411234125371905]},"properties":{"Biome":"Temperate rainforest","variant":1,"scale":1.047,"icon":"forest-temperate-rainforest-1"}},{"type":"Feature","geometry":{"type":"Point","coordinates":[-42.646967403311145,-33.90536276678355]},"properties":{"Biome":"Temperate rainforest","variant":0,"scale":0.895,"icon":"forest-temperate-rainforest-0"}},{"type":"Feature","geometry":{"type":"Point","coordinates":[-46.88453043521204,-29.35639598494379]},"properties":{"Biome":"Temperate rainforest","variant":0,"scale":1.02,"icon":"forest-temperate-rainforest-0"}},{"type":"Feature","geometry":{"type":"Point","coordinates":[-44.79231649860134,-32.7527610984759]},"properties":{"Biome":"Temperate rainforest","variant":2,"scale":0.996,"icon":"forest-temperate-rainforest-2"}},{"type":"Feature","geometry":{"type":"Point","coordinates":[-44.08484228439381,-31.989597283051285]},"properties":{"Biome":"Temperate rainforest","variant":1,"scale":1.033,"icon":"forest-temperate-rainforest-1"}},{"type":"Feature","geometry":{"type":"Point","coordinates":[-44.79552965387266,-33.29046694841656]},"properties":{"Biome":"Temperate rainforest","variant":1,"scale":0.956,"icon":"forest-temperate-rainforest-1"}},{"type":"Feature","geometry":{"type":"Point","coordinates":[-47.48134563410823,-30.042102942282018]},"properties":{"Biome":"Temperate rainforest","variant":0,"scale":0.889,"icon":"forest-temperate-rainforest-0"}},{"type":"Feature","geometry":{"type":"Point","coordinates":[-41.419138809777834,-32.43499557161216]},"properties":{"Biome":"Temperate rainforest","variant":0,"scale":0.909,"icon":"forest-temperate-rainforest-0"}},{"type":"Feature","geometry":{"type":"Point","coordinates":[-37.569079647137585,-32.18027074089424]},"properties":{"Biome":"Temperate rainforest","variant":1,"scale":0.929,"icon":"forest-temperate-rainforest-1"}},{"type":"Feature","geometry":{"type":"Point","coordinates":[-37.75449683453542,-32.18411212671327]},"properties":{"Biome":"Temperate rainforest","variant":0,"scale":0.921,"icon":"forest-temperate-rainforest-0"}},{"type":"Feature","geometry":{"type":"Point","coordinates":[-45.62185913018314,-29.42324673493643]},"properties":{"Biome":"Temperate rainforest","variant":1,"scale":1.098,"icon":"forest-temperate-rainforest-1"}},{"type":"Feature","geometry":{"type":"Point","coordinates":[-46.89871950030497,-30.90699932201397]},"properties":{"Biome":"Temperate rainforest","variant":2,"scale":1.109,"icon":"forest-temperate-rainforest-2"}},{"type":"Feature","geometry":{"type":"Point","coordinates":[-45.81889689709743,-31.071678341722656]},"properties":{"Biome":"Temperate rainforest","variant":2,"scale":1.118,"icon":"forest-temperate-rainforest-2"}},{"type":"Feature","geometry":{"type":"Point","coordinates":[-32.809752894777226,-32.93405877277998]},"properties":{"Biome":"Temperate rainforest","variant":1,"scale":0.91,"icon":"forest-temperate-rainforest-1"}},{"type":"Feature","geometry":{"type":"Point","coordinates":[-44.37753143954402,-32.488273459408774]},"properties":{"Biome":"Temperate rainforest","variant":2,"scale":1.042,"icon":"forest-temperate-rainforest-2"}},{"type":"Feature","geometry":{"type":"Point","coordinates":[-45.767159087499195,-28.075693887999428]},"properties":{"Biome":"Temperate rainforest","variant":1,"scale":0.998,"icon":"forest-temperate-rainforest-1"}},{"type":"Feature","geometry":{"type":"Point","coordinates":[-46.649189689101654,-27.396640266115824]},"properties":{"Biome":"Temperate rainforest","variant":1,"scale":0.901,"icon":"forest-temperate-rainforest-1"}},{"type":"Feature","geometry":{"type":"Point","coordinates":[-49.439303255764834,-26.045360482678436]},"properties":{"Biome":"Temperate rainforest","variant":2,"scale":0.968,"icon":"forest-temperate-rainforest-2"}},{"type":"Feature","geometry":{"type":"Point","coordinates":[-45.909027258909,-24.55207570061594]},"properties":{"Biome":"Temperate rainforest","variant":1,"scale":0.951,"icon":"forest-temperate-rainforest-1"}},{"type":"Feature","geometry":{"type":"Point","coordinates":[-48.84171890439781,-6.800489937102557]},"properties":{"Biome":"Temperate rainforest","variant":0,"scale":0.923,"icon":"forest-temperate-rainforest-0"}},{"type":"Feature","geometry":{"type":"Point","coordinates":[-46.57264029002645,-5.447469794345036]},"properties":{"Biome":"Temperate rainforest","variant":2,"scale":0.932,"icon":"forest-temperate-rainforest-2"}},{"type":"Feature","geometry":{"type":"Point","coordinates":[-44.86074227861468,-4.970419292346802]},"properties":{"Biome":"Temperate rainforest","variant":2,"scale":1.116,"icon":"forest-temperate-rainforest-2"}},{"type":"Feature","geometry":{"type":"Point","coordinates":[-43.6073721367847,27.318405102884075]},"properties":{"Biome":"Temperate rainforest","variant":0,"scale":1.002,"icon":"forest-temperate-rainforest-0"}},{"type":"Feature","geometry":{"type":"Point","coordinates":[-48.15798773263947,27.15854952766422]},"properties":{"Biome":"Temperate rainforest","variant":2,"scale":0.928,"icon":"forest-temperate-rainforest-2"}},{"type":"Feature","geometry":{"type":"Point","coordinates":[-43.08512630416149,28.73446129876901]},"properties":{"Biome":"Temperate rainforest","variant":1,"scale":1.118,"icon":"forest-temperate-rainforest-1"}},{"type":"Feature","geometry":{"type":"Point","coordinates":[-15.551686392661685,-40.394506544060015]},"properties":{"Biome":"Temperate rainforest","variant":0,"scale":0.977,"icon":"forest-temperate-rainforest-0"}},{"type":"Feature","geometry":{"type":"Point","coordinates":[-6.4897068300123575,-42.28365316091606]},"properties":{"Biome":"Temperate rainforest","variant":1,"scale":0.883,"icon":"forest-temperate-rainforest-1"}},{"type":"Feature","geometry":{"type":"Point","coordinates":[-11.693141291982597,-38.71974840571413]},"properties":{"Biome":"Temperate rainforest","variant":1,"scale":1.111,"icon":"forest-temperate-rainforest-1"}},{"type":"Feature","geometry":{"type":"Point","coordinates":[-9.342606147672555,-39.909553444801894]},"properties":{"Biome":"Temperate rainforest","variant":0,"scale":0.887,"icon":"forest-temperate-rainforest-0"}},{"type":"Feature","geometry":{"type":"Point","coordinates":[-5.2508857783556655,-41.655843513441575]},"properties":{"Biome":"Temperate rainforest","variant":0,"scale":0.95,"icon":"forest-temperate-rainforest-0"}},{"type":"Feature","geometry":{"type":"Point","coordinates":[-7.2993047776622415,-41.20394161329616]},"properties":{"Biome":"Temperate rainforest","variant":0,"scale":0.881,"icon":"forest-temperate-rainforest-0"}},{"type":"Feature","geometry":{"type":"Point","coordinates":[-23.678459737753204,-41.1268236955983]},"properties":{"Biome":"Temperate rainforest","variant":2,"scale":1.027,"icon":"forest-temperate-rainforest-2"}},{"type":"Feature","geometry":{"type":"Point","coordinates":[-14.603101246388041,-43.170177348892274]},"properties":{"Biome":"Temperate rainforest","variant":2,"scale":0.919,"icon":"forest-temperate-rainforest-2"}},{"type":"Feature","geometry":{"type":"Point","coordinates":[-18.41536981118896,-41.06107369033933]},"properties":{"Biome":"Temperate rainforest","variant":0,"scale":1.075,"icon":"forest-temperate-rainforest-0"}},{"type":"Feature","geometry":{"type":"Point","coordinates":[-7.830753326788596,-39.22207968847931]},"properties":{"Biome":"Temperate rainforest","variant":2,"scale":0.884,"icon":"forest-temperate-rainforest-2"}},{"type":"Feature","geometry":{"type":"Point","coordinates":[-14.804587739641041,-38.37585305641918]},"properties":{"Biome":"Temperate rainforest","variant":1,"scale":1.017,"icon":"forest-temperate-rainforest-1"}},{"type":"Feature","geometry":{"type":"Point","coordinates":[-20.73897557481439,-41.176015379160816]},"properties":{"Biome":"Temperate rainforest","variant":0,"scale":0.968,"icon":"forest-temperate-rainforest-0"}},{"type":"Feature","geometry":{"type":"Point","coordinates":[-5.4139560423087705,-42.08801744740515]},"properties":{"Biome":"Temperate rainforest","variant":0,"scale":1.063,"icon":"forest-temperate-rainforest-0"}},{"type":"Feature","geometry":{"type":"Point","coordinates":[-22.431720508003988,-41.37709961819946]},"properties":{"Biome":"Temperate rainforest","variant":1,"scale":0.959,"icon":"forest-temperate-rainforest-1"}},{"type":"Feature","geometry":{"type":"Point","coordinates":[-20.613376775951757,-40.80628357539719]},"properties":{"Biome":"Temperate rainforest","variant":1,"scale":0.906,"icon":"forest-temperate-rainforest-1"}},{"type":"Feature","geometry":{"type":"Point","coordinates":[-11.114947723002437,-39.2820449215612]},"properties":{"Biome":"Temperate rainforest","variant":2,"scale":1.095,"icon":"forest-temperate-rainforest-2"}},{"type":"Feature","geometry":{"type":"Point","coordinates":[-17.39081207855055,-43.641008545313824]},"properties":{"Biome":"Temperate rainforest","variant":1,"scale":0.897,"icon":"forest-temperate-rainforest-1"}},{"type":"Feature","geometry":{"type":"Point","coordinates":[-17.50807137693333,-41.75327445004508]},"properties":{"Biome":"Temperate rainforest","variant":2,"scale":0.888,"icon":"forest-temperate-rainforest-2"}},{"type":"Feature","geometry":{"type":"Point","coordinates":[-17.59555274852478,-40.53708857617059]},"properties":{"Biome":"Temperate rainforest","variant":0,"scale":1.108,"icon":"forest-temperate-rainforest-0"}},{"type":"Feature","geometry":{"type":"Point","coordinates":[-13.708683312359065,-43.419843779273485]},"properties":{"Biome":"Temperate rainforest","variant":1,"scale":0.963,"icon":"forest-temperate-rainforest-1"}},{"type":"Feature","geometry":{"type":"Point","coordinates":[-10.106349234841483,-39.8973592227644]},"properties":{"Biome":"Temperate rainforest","variant":1,"scale":1.032,"icon":"forest-temperate-rainforest-1"}},{"type":"Feature","geometry":{"type":"Point","coordinates":[-27.931247969569483,-37.038700334025656]},"properties":{"Biome":"Temperate rainforest","variant":1,"scale":0.891,"icon":"forest-temperate-rainforest-1"}},{"type":"Feature","geometry":{"type":"Point","coordinates":[-29.811866906861898,-36.524369604109424]},"properties":{"Biome":"Temperate rainforest","variant":2,"scale":0.981,"icon":"forest-temperate-rainforest-2"}},{"type":"Feature","geometry":{"type":"Point","coordinates":[-30.586651469774402,-34.2960963846859]},"properties":{"Biome":"Temperate rainforest","variant":0,"scale":1.106,"icon":"forest-temperate-rainforest-0"}},{"type":"Feature","geometry":{"type":"Point","coordinates":[-27.91714427652707,-32.10511279235108]},"properties":{"Biome":"Temperate rainforest","variant":2,"scale":1.063,"icon":"forest-temperate-rainforest-2"}},{"type":"Feature","geometry":{"type":"Point","coordinates":[-43.15572755972289,-4.634253574720707]},"properties":{"Biome":"Temperate rainforest","variant":2,"scale":1.008,"icon":"forest-temperate-rainforest-2"}},{"type":"Feature","geometry":{"type":"Point","coordinates":[-41.165048095547306,-3.979796648601374]},"properties":{"Biome":"Temperate rainforest","variant":2,"scale":1.046,"icon":"forest-temperate-rainforest-2"}},{"type":"Feature","geometry":{"type":"Point","coordinates":[-39.58712566440099,28.067823638171948]},"properties":{"Biome":"Temperate rainforest","variant":2,"scale":1.094,"icon":"forest-temperate-rainforest-2"}},{"type":"Feature","geometry":{"type":"Point","coordinates":[-21.117142977515375,-35.1927424529187]},"properties":{"Biome":"Temperate rainforest","variant":0,"scale":0.956,"icon":"forest-temperate-rainforest-0"}},{"type":"Feature","geometry":{"type":"Point","coordinates":[-25.142729234928016,-34.6880766859749]},"properties":{"Biome":"Temperate rainforest","variant":1,"scale":1.098,"icon":"forest-temperate-rainforest-1"}},{"type":"Feature","geometry":{"type":"Point","coordinates":[-22.600052786604056,-36.4746663808996]},"properties":{"Biome":"Temperate rainforest","variant":0,"scale":0.998,"icon":"forest-temperate-rainforest-0"}},{"type":"Feature","geometry":{"type":"Point","coordinates":[-19.744401183453437,-34.95901847381378]},"properties":{"Biome":"Temperate rainforest","variant":0,"scale":0.929,"icon":"forest-temperate-rainforest-0"}},{"type":"Feature","geometry":{"type":"Point","coordinates":[-23.947774911041794,-35.405855089068965]},"properties":{"Biome":"Temperate rainforest","variant":2,"scale":1.054,"icon":"forest-temperate-rainforest-2"}},{"type":"Feature","geometry":{"type":"Point","coordinates":[-25.569344763138503,-33.860528946149635]},"properties":{"Biome":"Temperate rainforest","variant":0,"scale":0.917,"icon":"forest-temperate-rainforest-0"}},{"type":"Feature","geometry":{"type":"Point","coordinates":[-23.68653542703611,-32.6842433742881]},"properties":{"Biome":"Temperate rainforest","variant":2,"scale":1.066,"icon":"forest-temperate-rainforest-2"}},{"type":"Feature","geometry":{"type":"Point","coordinates":[-20.693517821087443,-32.27223664971977]},"properties":{"Biome":"Temperate rainforest","variant":0,"scale":0.938,"icon":"forest-temperate-rainforest-0"}},{"type":"Feature","geometry":{"type":"Point","coordinates":[-19.875178176468392,-31.820785656864864]},"properties":{"Biome":"Temperate rainforest","variant":1,"scale":1.08,"icon":"forest-temperate-rainforest-1"}},{"type":"Feature","geometry":{"type":"Point","coordinates":[-21.682588470100008,-28.970749367000206]},"properties":{"Biome":"Temperate rainforest","variant":0,"scale":0.992,"icon":"forest-temperate-rainforest-0"}},{"type":"Feature","geometry":{"type":"Point","coordinates":[-23.74290558146816,-17.565157891239974]},"properties":{"Biome":"Temperate rainforest","variant":0,"scale":0.905,"icon":"forest-temperate-rainforest-0"}},{"type":"Feature","geometry":{"type":"Point","coordinates":[-24.9072579684313,9.205391485827409]},"properties":{"Biome":"Temperate rainforest","variant":1,"scale":1.05,"icon":"forest-temperate-rainforest-1"}},{"type":"Feature","geometry":{"type":"Point","coordinates":[-24.434817348019976,11.361041993331032]},"properties":{"Biome":"Temperate rainforest","variant":0,"scale":0.885,"icon":"forest-temperate-rainforest-0"}},{"type":"Feature","geometry":{"type":"Point","coordinates":[-23.485285146465472,12.909348643016044]},"properties":{"Biome":"Temperate rainforest","variant":1,"scale":1.084,"icon":"forest-temperate-rainforest-1"}},{"type":"Feature","geometry":{"type":"Point","coordinates":[-23.11467399046392,15.08813253165701]},"properties":{"Biome":"Temperate rainforest","variant":2,"scale":0.9,"icon":"forest-temperate-rainforest-2"}},{"type":"Feature","geometry":{"type":"Point","coordinates":[-22.598430415001296,15.425561032959031]},"properties":{"Biome":"Temperate rainforest","variant":1,"scale":1.109,"icon":"forest-temperate-rainforest-1"}},{"type":"Feature","geometry":{"type":"Point","coordinates":[-20.190987922301186,16.158129508731097]},"properties":{"Biome":"Temperate rainforest","variant":0,"scale":0.893,"icon":"forest-temperate-rainforest-0"}},{"type":"Feature","geometry":{"type":"Point","coordinates":[-21.307876450567846,17.379651798963305]},"properties":{"Biome":"Temperate rainforest","variant":2,"scale":1.036,"icon":"forest-temperate-rainforest-2"}},{"type":"Feature","geometry":{"type":"Point","coordinates":[-19.557636852618483,49.888023287152734]},"properties":{"Biome":"Temperate rainforest","variant":2,"scale":0.997,"icon":"forest-temperate-rainforest-2"}},{"type":"Feature","geometry":{"type":"Point","coordinates":[-11.326425026387822,-42.93626116476196]},"properties":{"Biome":"Temperate rainforest","variant":2,"scale":1.095,"icon":"forest-temperate-rainforest-2"}},{"type":"Feature","geometry":{"type":"Point","coordinates":[-12.985136540100081,-33.21019182846292]},"properties":{"Biome":"Temperate rainforest","variant":0,"scale":0.98,"icon":"forest-temperate-rainforest-0"}},{"type":"Feature","geometry":{"type":"Point","coordinates":[-14.869838981608526,-31.94024895371374]},"properties":{"Biome":"Temperate rainforest","variant":1,"scale":1.036,"icon":"forest-temperate-rainforest-1"}},{"type":"Feature","geometry":{"type":"Point","coordinates":[-13.16405731787053,-30.608303601975962]},"properties":{"Biome":"Temperate rainforest","variant":1,"scale":1.071,"icon":"forest-temperate-rainforest-1"}},{"type":"Feature","geometry":{"type":"Point","coordinates":[-18.109322642255464,-28.560308043025312]},"properties":{"Biome":"Temperate rainforest","variant":1,"scale":0.887,"icon":"forest-temperate-rainforest-1"}},{"type":"Feature","geometry":{"type":"Point","coordinates":[-17.14257601594414,-28.053985416819515]},"properties":{"Biome":"Temperate rainforest","variant":2,"scale":0.914,"icon":"forest-temperate-rainforest-2"}},{"type":"Feature","geometry":{"type":"Point","coordinates":[-0.36552069181738356,-40.77852816938095]},"properties":{"Biome":"Temperate rainforest","variant":1,"scale":1.063,"icon":"forest-temperate-rainforest-1"}},{"type":"Feature","geometry":{"type":"Point","coordinates":[0.40337698023256013,-41.65069922447444]},"properties":{"Biome":"Temperate rainforest","variant":1,"scale":1.078,"icon":"forest-temperate-rainforest-1"}},{"type":"Feature","geometry":{"type":"Point","coordinates":[-2.069330200297606,-38.356724598063515]},"properties":{"Biome":"Temperate rainforest","variant":2,"scale":0.988,"icon":"forest-temperate-rainforest-2"}},{"type":"Feature","geometry":{"type":"Point","coordinates":[-3.842689576512992,-38.32918354556265]},"properties":{"Biome":"Temperate rainforest","variant":0,"scale":1.086,"icon":"forest-temperate-rainforest-0"}},{"type":"Feature","geometry":{"type":"Point","coordinates":[-3.7178772612573363,-38.485774979087836]},"properties":{"Biome":"Temperate rainforest","variant":0,"scale":0.91,"icon":"forest-temperate-rainforest-0"}},{"type":"Feature","geometry":{"type":"Point","coordinates":[0.5823378790193463,-35.3053839619409]},"properties":{"Biome":"Temperate rainforest","variant":1,"scale":0.927,"icon":"forest-temperate-rainforest-1"}},{"type":"Feature","geometry":{"type":"Point","coordinates":[1.361563216012289,-35.583729118491654]},"properties":{"Biome":"Temperate rainforest","variant":0,"scale":0.951,"icon":"forest-temperate-rainforest-0"}},{"type":"Feature","geometry":{"type":"Point","coordinates":[-1.879263621518061,-37.634747236431465]},"properties":{"Biome":"Temperate rainforest","variant":1,"scale":0.951,"icon":"forest-temperate-rainforest-1"}},{"type":"Feature","geometry":{"type":"Point","coordinates":[-5.647565885273308,-37.91878458645656]},"properties":{"Biome":"Temperate rainforest","variant":0,"scale":0.934,"icon":"forest-temperate-rainforest-0"}},{"type":"Feature","geometry":{"type":"Point","coordinates":[-8.575343429872238,-36.70235117525967]},"properties":{"Biome":"Temperate rainforest","variant":1,"scale":0.937,"icon":"forest-temperate-rainforest-1"}},{"type":"Feature","geometry":{"type":"Point","coordinates":[-3.5022595885226186,-35.638173034566655]},"properties":{"Biome":"Temperate rainforest","variant":2,"scale":1.051,"icon":"forest-temperate-rainforest-2"}},{"type":"Feature","geometry":{"type":"Point","coordinates":[-6.335890892604357,-34.19465241057604]},"properties":{"Biome":"Temperate rainforest","variant":0,"scale":0.935,"icon":"forest-temperate-rainforest-0"}},{"type":"Feature","geometry":{"type":"Point","coordinates":[-9.115827553746042,-32.7983600319919]},"properties":{"Biome":"Temperate rainforest","variant":0,"scale":1.067,"icon":"forest-temperate-rainforest-0"}},{"type":"Feature","geometry":{"type":"Point","coordinates":[-7.248105996055506,-33.221205495612175]},"properties":{"Biome":"Temperate rainforest","variant":0,"scale":1.066,"icon":"forest-temperate-rainforest-0"}},{"type":"Feature","geometry":{"type":"Point","coordinates":[-5.986509386046927,-30.46192029592568]},"properties":{"Biome":"Temperate rainforest","variant":2,"scale":1.063,"icon":"forest-temperate-rainforest-2"}},{"type":"Feature","geometry":{"type":"Point","coordinates":[-6.2994605832233574,-30.364702342279635]},"properties":{"Biome":"Temperate rainforest","variant":0,"scale":0.982,"icon":"forest-temperate-rainforest-0"}},{"type":"Feature","geometry":{"type":"Point","coordinates":[-3.1247004014741218,-28.759661403552975]},"properties":{"Biome":"Temperate rainforest","variant":1,"scale":1.009,"icon":"forest-temperate-rainforest-1"}},{"type":"Feature","geometry":{"type":"Point","coordinates":[-2.569552717770429,43.65752921416934]},"properties":{"Biome":"Temperate rainforest","variant":2,"scale":0.955,"icon":"forest-temperate-rainforest-2"}},{"type":"Feature","geometry":{"type":"Point","coordinates":[36.43328136722714,-44.01310379284202]},"properties":{"Biome":"Temperate rainforest","variant":0,"scale":1.051,"icon":"forest-temperate-rainforest-0"}},{"type":"Feature","geometry":{"type":"Point","coordinates":[1.3251492442029007,-41.90297843802713]},"properties":{"Biome":"Temperate rainforest","variant":2,"scale":1.049,"icon":"forest-temperate-rainforest-2"}},{"type":"Feature","geometry":{"type":"Point","coordinates":[-1.5706514861021532,-40.02950314934264]},"properties":{"Biome":"Temperate rainforest","variant":2,"scale":1.097,"icon":"forest-temperate-rainforest-2"}},{"type":"Feature","geometry":{"type":"Point","coordinates":[48.61855089283971,-40.60505199690421]},"properties":{"Biome":"Temperate rainforest","variant":0,"scale":0.977,"icon":"forest-temperate-rainforest-0"}},{"type":"Feature","geometry":{"type":"Point","coordinates":[40.60368692898498,-40.046801228229135]},"properties":{"Biome":"Temperate rainforest","variant":2,"scale":0.943,"icon":"forest-temperate-rainforest-2"}},{"type":"Feature","geometry":{"type":"Point","coordinates":[38.38461795740709,-37.013545436771494]},"properties":{"Biome":"Temperate rainforest","variant":0,"scale":0.964,"icon":"forest-temperate-rainforest-0"}},{"type":"Feature","geometry":{"type":"Point","coordinates":[41.43005299436228,-36.16963867961806]},"properties":{"Biome":"Temperate rainforest","variant":2,"scale":0.897,"icon":"forest-temperate-rainforest-2"}},{"type":"Feature","geometry":{"type":"Point","coordinates":[40.85342031511198,-36.0247027347153]},"properties":{"Biome":"Temperate rainforest","variant":1,"scale":1.06,"icon":"forest-temperate-rainforest-1"}},{"type":"Feature","geometry":{"type":"Point","coordinates":[45.55323600900532,-37.31374822496611]},"properties":{"Biome":"Temperate rainforest","variant":1,"scale":1.041,"icon":"forest-temperate-rainforest-1"}},{"type":"Feature","geometry":{"type":"Point","coordinates":[38.87543293374413,-36.799883301981936]},"properties":{"Biome":"Temperate rainforest","variant":0,"scale":1.109,"icon":"forest-temperate-rainforest-0"}},{"type":"Feature","geometry":{"type":"Point","coordinates":[40.68078062029848,-40.5547685674732]},"properties":{"Biome":"Temperate rainforest","variant":1,"scale":1.02,"icon":"forest-temperate-rainforest-1"}},{"type":"Feature","geometry":{"type":"Point","coordinates":[38.44803813590352,-41.13103737787764]},"properties":{"Biome":"Temperate rainforest","variant":2,"scale":1.034,"icon":"forest-temperate-rainforest-2"}},{"type":"Feature","geometry":{"type":"Point","coordinates":[39.67014352984953,-35.84637831352585]},"properties":{"Biome":"Temperate rainforest","variant":2,"scale":1.037,"icon":"forest-temperate-rainforest-2"}},{"type":"Feature","geometry":{"type":"Point","coordinates":[42.98933325140758,-38.72120723754022]},"properties":{"Biome":"Temperate rainforest","variant":1,"scale":1.001,"icon":"forest-temperate-rainforest-1"}},{"type":"Feature","geometry":{"type":"Point","coordinates":[38.42846655425823,-35.91766965753498]},"properties":{"Biome":"Temperate rainforest","variant":0,"scale":1.009,"icon":"forest-temperate-rainforest-0"}},{"type":"Feature","geometry":{"type":"Point","coordinates":[43.69534706613592,-36.10810212913097]},"properties":{"Biome":"Temperate rainforest","variant":2,"scale":0.91,"icon":"forest-temperate-rainforest-2"}},{"type":"Feature","geometry":{"type":"Point","coordinates":[48.339702867229114,-39.426523252269185]},"properties":{"Biome":"Temperate rainforest","variant":0,"scale":0.964,"icon":"forest-temperate-rainforest-0"}},{"type":"Feature","geometry":{"type":"Point","coordinates":[43.139158916225895,-34.84085533342504]},"properties":{"Biome":"Temperate rainforest","variant":1,"scale":1.02,"icon":"forest-temperate-rainforest-1"}},{"type":"Feature","geometry":{"type":"Point","coordinates":[39.58617379615129,-42.16173194299113]},"properties":{"Biome":"Temperate rainforest","variant":2,"scale":0.994,"icon":"forest-temperate-rainforest-2"}},{"type":"Feature","geometry":{"type":"Point","coordinates":[38.269783532912385,-39.621637902694054]},"properties":{"Biome":"Temperate rainforest","variant":1,"scale":0.931,"icon":"forest-temperate-rainforest-1"}},{"type":"Feature","geometry":{"type":"Point","coordinates":[42.617035927859746,-37.20839928427433]},"properties":{"Biome":"Temperate rainforest","variant":0,"scale":1.014,"icon":"forest-temperate-rainforest-0"}},{"type":"Feature","geometry":{"type":"Point","coordinates":[44.758686806536694,-36.59062768485998]},"properties":{"Biome":"Temperate rainforest","variant":2,"scale":0.954,"icon":"forest-temperate-rainforest-2"}},{"type":"Feature","geometry":{"type":"Point","coordinates":[45.27155088658916,-36.19839857541698]},"properties":{"Biome":"Temperate rainforest","variant":2,"scale":1.072,"icon":"forest-temperate-rainforest-2"}},{"type":"Feature","geometry":{"type":"Point","coordinates":[37.94254981259795,-41.03565871360007]},"properties":{"Biome":"Temperate rainforest","variant":1,"scale":0.882,"icon":"forest-temperate-rainforest-1"}},{"type":"Feature","geometry":{"type":"Point","coordinates":[38.39200465868378,-40.266192499071494]},"properties":{"Biome":"Temperate rainforest","variant":0,"scale":1.09,"icon":"forest-temperate-rainforest-0"}},{"type":"Feature","geometry":{"type":"Point","coordinates":[40.964254143359916,-38.44982735124081]},"properties":{"Biome":"Temperate rainforest","variant":1,"scale":1.02,"icon":"forest-temperate-rainforest-1"}},{"type":"Feature","geometry":{"type":"Point","coordinates":[39.60996790039296,-39.930319569988995]},"properties":{"Biome":"Temperate rainforest","variant":0,"scale":0.928,"icon":"forest-temperate-rainforest-0"}},{"type":"Feature","geometry":{"type":"Point","coordinates":[39.52725881368837,-36.124309576271386]},"properties":{"Biome":"Temperate rainforest","variant":1,"scale":0.93,"icon":"forest-temperate-rainforest-1"}},{"type":"Feature","geometry":{"type":"Point","coordinates":[1.9846128371757918,-36.50648652068813]},"properties":{"Biome":"Temperate rainforest","variant":1,"scale":0.899,"icon":"forest-temperate-rainforest-1"}},{"type":"Feature","geometry":{"type":"Point","coordinates":[3.709588577860301,-35.757947125927686]},"properties":{"Biome":"Temperate rainforest","variant":0,"scale":0.885,"icon":"forest-temperate-rainforest-0"}},{"type":"Feature","geometry":{"type":"Point","coordinates":[1.766559265879677,-32.080273044265766]},"properties":{"Biome":"Temperate rainforest","variant":1,"scale":1.006,"icon":"forest-temperate-rainforest-1"}},{"type":"Feature","geometry":{"type":"Point","coordinates":[38.61671612758214,-19.10468084887544]},"properties":{"Biome":"Temperate rainforest","variant":2,"scale":0.961,"icon":"forest-temperate-rainforest-2"}},{"type":"Feature","geometry":{"type":"Point","coordinates":[40.61854211932041,-21.519847750722285]},"properties":{"Biome":"Temperate rainforest","variant":2,"scale":0.882,"icon":"forest-temperate-rainforest-2"}},{"type":"Feature","geometry":{"type":"Point","coordinates":[39.08609373071169,-21.031818642177704]},"properties":{"Biome":"Temperate rainforest","variant":2,"scale":0.981,"icon":"forest-temperate-rainforest-2"}},{"type":"Feature","geometry":{"type":"Point","coordinates":[40.4863931366836,-19.716901618986917]},"properties":{"Biome":"Temperate rainforest","variant":1,"scale":0.996,"icon":"forest-temperate-rainforest-1"}},{"type":"Feature","geometry":{"type":"Point","coordinates":[38.805628750028134,-20.2063140722999]},"properties":{"Biome":"Temperate rainforest","variant":1,"scale":0.886,"icon":"forest-temperate-rainforest-1"}},{"type":"Feature","geometry":{"type":"Point","coordinates":[38.20547932572041,-20.43402539880247]},"properties":{"Biome":"Temperate rainforest","variant":1,"scale":1.073,"icon":"forest-temperate-rainforest-1"}},{"type":"Feature","geometry":{"type":"Point","coordinates":[40.57770710705444,-21.59708785079109]},"properties":{"Biome":"Temperate rainforest","variant":2,"scale":1.103,"icon":"forest-temperate-rainforest-2"}},{"type":"Feature","geometry":{"type":"Point","coordinates":[31.466470501008143,29.68137992506489]},"properties":{"Biome":"Temperate rainforest","variant":0,"scale":0.968,"icon":"forest-temperate-rainforest-0"}},{"type":"Feature","geometry":{"type":"Point","coordinates":[14.966595134454346,36.0277329616724]},"properties":{"Biome":"Temperate rainforest","variant":0,"scale":1.077,"icon":"forest-temperate-rainforest-0"}},{"type":"Feature","geometry":{"type":"Point","coordinates":[18.130230624649613,38.22769913222756]},"properties":{"Biome":"Temperate rainforest","variant":0,"scale":1.059,"icon":"forest-temperate-rainforest-0"}},{"type":"Feature","geometry":{"type":"Point","coordinates":[16.15111721807938,36.750502181475085]},"properties":{"Biome":"Temperate rainforest","variant":0,"scale":1.06,"icon":"forest-temperate-rainforest-0"}},{"type":"Feature","geometry":{"type":"Point","coordinates":[14.374036122519154,38.47811161255992]},"properties":{"Biome":"Temperate rainforest","variant":0,"scale":0.894,"icon":"forest-temperate-rainforest-0"}},{"type":"Feature","geometry":{"type":"Point","coordinates":[12.527247903759953,35.953909871683734]},"properties":{"Biome":"Temperate rainforest","variant":1,"scale":1.1,"icon":"forest-temperate-rainforest-1"}},{"type":"Feature","geometry":{"type":"Point","coordinates":[10.980694611173051,38.88155875752581]},"properties":{"Biome":"Temperate rainforest","variant":1,"scale":1.102,"icon":"forest-temperate-rainforest-1"}},{"type":"Feature","geometry":{"type":"Point","coordinates":[0.9066608661011288,43.68673859228552]},"properties":{"Biome":"Temperate rainforest","variant":2,"scale":0.898,"icon":"forest-temperate-rainforest-2"}},{"type":"Feature","geometry":{"type":"Point","coordinates":[2.9759863756997516,44.40949787036971]},"properties":{"Biome":"Temperate rainforest","variant":0,"scale":1.093,"icon":"forest-temperate-rainforest-0"}},{"type":"Feature","geometry":{"type":"Point","coordinates":[41.52350050577158,-42.91612732709554]},"properties":{"Biome":"Temperate rainforest","variant":0,"scale":1.063,"icon":"forest-temperate-rainforest-0"}},{"type":"Feature","geometry":{"type":"Point","coordinates":[43.77010791172874,-44.2600081052569]},"properties":{"Biome":"Temperate rainforest","variant":1,"scale":1.113,"icon":"forest-temperate-rainforest-1"}},{"type":"Feature","geometry":{"type":"Point","coordinates":[42.69631423250891,-44.24457512625559]},"properties":{"Biome":"Temperate rainforest","variant":2,"scale":1.07,"icon":"forest-temperate-rainforest-2"}},{"type":"Feature","geometry":{"type":"Point","coordinates":[44.71794819697275,-42.712962174110245]},"properties":{"Biome":"Temperate rainforest","variant":2,"scale":1.079,"icon":"forest-temperate-rainforest-2"}},{"type":"Feature","geometry":{"type":"Point","coordinates":[46.3627558526237,-42.16413316712741]},"properties":{"Biome":"Temperate rainforest","variant":2,"scale":1.086,"icon":"forest-temperate-rainforest-2"}},{"type":"Feature","geometry":{"type":"Point","coordinates":[43.43980067520076,-42.91715905008976]},"properties":{"Biome":"Temperate rainforest","variant":0,"scale":1.107,"icon":"forest-temperate-rainforest-0"}},{"type":"Feature","geometry":{"type":"Point","coordinates":[44.50289305221814,-40.50397079109894]},"properties":{"Biome":"Temperate rainforest","variant":1,"scale":1.039,"icon":"forest-temperate-rainforest-1"}},{"type":"Feature","geometry":{"type":"Point","coordinates":[47.213424954225424,-23.585180094330717]},"properties":{"Biome":"Temperate rainforest","variant":2,"scale":1.095,"icon":"forest-temperate-rainforest-2"}},{"type":"Feature","geometry":{"type":"Point","coordinates":[44.81713416898832,-22.228407360584225]},"properties":{"Biome":"Temperate rainforest","variant":1,"scale":1.087,"icon":"forest-temperate-rainforest-1"}},{"type":"Feature","geometry":{"type":"Point","coordinates":[42.82066123376816,-20.909871853220846]},"properties":{"Biome":"Temperate rainforest","variant":1,"scale":1.071,"icon":"forest-temperate-rainforest-1"}},{"type":"Feature","geometry":{"type":"Point","coordinates":[48.891402136795946,42.608631467050664]},"properties":{"Biome":"Temperate rainforest","variant":2,"scale":0.912,"icon":"forest-temperate-rainforest-2"}},{"type":"Feature","geometry":{"type":"Point","coordinates":[46.71964645712955,42.8326408512721]},"properties":{"Biome":"Temperate rainforest","variant":0,"scale":1.045,"icon":"forest-temperate-rainforest-0"}},{"type":"Feature","geometry":{"type":"Point","coordinates":[44.98964251314564,44.155047631229166]},"properties":{"Biome":"Temperate rainforest","variant":0,"scale":1.008,"icon":"forest-temperate-rainforest-0"}},{"type":"Feature","geometry":{"type":"Point","coordinates":[48.04766274965394,45.01200003646141]},"properties":{"Biome":"Temperate rainforest","variant":1,"scale":0.918,"icon":"forest-temperate-rainforest-1"}},{"type":"Feature","geometry":{"type":"Point","coordinates":[45.32386078618111,44.911925408731484]},"properties":{"Biome":"Temperate rainforest","variant":0,"scale":0.911,"icon":"forest-temperate-rainforest-0"}},{"type":"Feature","geometry":{"type":"Point","coordinates":[56.047292174663774,-24.8898056041646]},"properties":{"Biome":"Temperate rainforest","variant":2,"scale":1.09,"icon":"forest-temperate-rainforest-2"}},{"type":"Feature","geometry":{"type":"Point","coordinates":[56.98387912350473,-24.53441346758873]},"properties":{"Biome":"Temperate rainforest","variant":1,"scale":1.002,"icon":"forest-temperate-rainforest-1"}},{"type":"Feature","geometry":{"type":"Point","coordinates":[54.05778093775496,-24.309288075187588]},"properties":{"Biome":"Temperate rainforest","variant":0,"scale":1.098,"icon":"forest-temperate-rainforest-0"}},{"type":"Feature","geometry":{"type":"Point","coordinates":[50.58633934790088,-22.926730933953415]},"properties":{"Biome":"Temperate rainforest","variant":0,"scale":1.011,"icon":"forest-temperate-rainforest-0"}},{"type":"Feature","geometry":{"type":"Point","coordinates":[53.11178379923022,-24.185255085442495]},"properties":{"Biome":"Temperate rainforest","variant":1,"scale":1.043,"icon":"forest-temperate-rainforest-1"}},{"type":"Feature","geometry":{"type":"Point","coordinates":[48.282101719166036,-21.962542301701117]},"properties":{"Biome":"Temperate rainforest","variant":0,"scale":0.918,"icon":"forest-temperate-rainforest-0"}},{"type":"Feature","geometry":{"type":"Point","coordinates":[56.30247238537311,-22.753423332353904]},"properties":{"Biome":"Temperate rainforest","variant":1,"scale":0.903,"icon":"forest-temperate-rainforest-1"}},{"type":"Feature","geometry":{"type":"Point","coordinates":[51.27977195832424,-22.13897524978801]},"properties":{"Biome":"Temperate rainforest","variant":2,"scale":0.895,"icon":"forest-temperate-rainforest-2"}},{"type":"Feature","geometry":{"type":"Point","coordinates":[49.84429263411456,-22.119029040334922]},"properties":{"Biome":"Temperate rainforest","variant":1,"scale":1.032,"icon":"forest-temperate-rainforest-1"}},{"type":"Feature","geometry":{"type":"Point","coordinates":[52.98537139663176,-22.2306424557762]},"properties":{"Biome":"Temperate rainforest","variant":1,"scale":1.008,"icon":"forest-temperate-rainforest-1"}},{"type":"Feature","geometry":{"type":"Point","coordinates":[77.15893867739977,-31.963078394010935]},"properties":{"Biome":"Temperate rainforest","variant":2,"scale":1.065,"icon":"forest-temperate-rainforest-2"}},{"type":"Feature","geometry":{"type":"Point","coordinates":[80.20967251566098,-32.50479968456012]},"properties":{"Biome":"Temperate rainforest","variant":2,"scale":1.024,"icon":"forest-temperate-rainforest-2"}},{"type":"Feature","geometry":{"type":"Point","coordinates":[78.864894071371,-32.12192801429896]},"properties":{"Biome":"Temperate rainforest","variant":2,"scale":1.085,"icon":"forest-temperate-rainforest-2"}},{"type":"Feature","geometry":{"type":"Point","coordinates":[75.21534951606459,-31.879877200755473]},"properties":{"Biome":"Temperate rainforest","variant":2,"scale":1.059,"icon":"forest-temperate-rainforest-2"}},{"type":"Feature","geometry":{"type":"Point","coordinates":[63.7215121941977,-27.68580805776881]},"properties":{"Biome":"Temperate rainforest","variant":0,"scale":1.018,"icon":"forest-temperate-rainforest-0"}},{"type":"Feature","geometry":{"type":"Point","coordinates":[79.7655422581982,-29.660542757464235]},"properties":{"Biome":"Temperate rainforest","variant":2,"scale":1.086,"icon":"forest-temperate-rainforest-2"}},{"type":"Feature","geometry":{"type":"Point","coordinates":[76.70904228688806,-32.688093832296765]},"properties":{"Biome":"Temperate rainforest","variant":2,"scale":1.018,"icon":"forest-temperate-rainforest-2"}},{"type":"Feature","geometry":{"type":"Point","coordinates":[69.14060790711008,-26.967886868022443]},"properties":{"Biome":"Temperate rainforest","variant":2,"scale":1.024,"icon":"forest-temperate-rainforest-2"}},{"type":"Feature","geometry":{"type":"Point","coordinates":[81.62615781201856,-31.464533725645975]},"properties":{"Biome":"Temperate rainforest","variant":2,"scale":0.882,"icon":"forest-temperate-rainforest-2"}},{"type":"Feature","geometry":{"type":"Point","coordinates":[80.2353727904897,-31.866622541006905]},"properties":{"Biome":"Temperate rainforest","variant":2,"scale":0.941,"icon":"forest-temperate-rainforest-2"}},{"type":"Feature","geometry":{"type":"Point","coordinates":[77.95027862381673,-33.35984078461963]},"properties":{"Biome":"Temperate rainforest","variant":1,"scale":1.021,"icon":"forest-temperate-rainforest-1"}},{"type":"Feature","geometry":{"type":"Point","coordinates":[74.53689947622118,-29.651096445293113]},"properties":{"Biome":"Temperate rainforest","variant":0,"scale":1.012,"icon":"forest-temperate-rainforest-0"}},{"type":"Feature","geometry":{"type":"Point","coordinates":[65.82090316920446,-28.554387253392772]},"properties":{"Biome":"Temperate rainforest","variant":1,"scale":0.94,"icon":"forest-temperate-rainforest-1"}},{"type":"Feature","geometry":{"type":"Point","coordinates":[80.46899588440873,-29.582819812511236]},"properties":{"Biome":"Temperate rainforest","variant":0,"scale":0.881,"icon":"forest-temperate-rainforest-0"}},{"type":"Feature","geometry":{"type":"Point","coordinates":[65.73521609701696,-26.200379523637725]},"properties":{"Biome":"Temperate rainforest","variant":0,"scale":1.041,"icon":"forest-temperate-rainforest-0"}},{"type":"Feature","geometry":{"type":"Point","coordinates":[75.36657007589677,-29.538497898865888]},"properties":{"Biome":"Temperate rainforest","variant":0,"scale":1.101,"icon":"forest-temperate-rainforest-0"}},{"type":"Feature","geometry":{"type":"Point","coordinates":[78.55380766312275,-32.38850337447097]},"properties":{"Biome":"Temperate rainforest","variant":1,"scale":1.093,"icon":"forest-temperate-rainforest-1"}},{"type":"Feature","geometry":{"type":"Point","coordinates":[69.48619874767545,-26.718813261067595]},"properties":{"Biome":"Temperate rainforest","variant":2,"scale":1.047,"icon":"forest-temperate-rainforest-2"}},{"type":"Feature","geometry":{"type":"Point","coordinates":[63.195671285804586,-27.56215610806875]},"properties":{"Biome":"Temperate rainforest","variant":2,"scale":0.993,"icon":"forest-temperate-rainforest-2"}},{"type":"Feature","geometry":{"type":"Point","coordinates":[69.27414044565008,-27.89564884914696]},"properties":{"Biome":"Temperate rainforest","variant":0,"scale":0.954,"icon":"forest-temperate-rainforest-0"}},{"type":"Feature","geometry":{"type":"Point","coordinates":[76.71774717925774,-30.164523304412494]},"properties":{"Biome":"Temperate rainforest","variant":1,"scale":0.991,"icon":"forest-temperate-rainforest-1"}},{"type":"Feature","geometry":{"type":"Point","coordinates":[75.3210678513762,-31.05958430104]},"properties":{"Biome":"Temperate rainforest","variant":0,"scale":1.01,"icon":"forest-temperate-rainforest-0"}},{"type":"Feature","geometry":{"type":"Point","coordinates":[65.45610208225342,-28.465400369287597]},"properties":{"Biome":"Temperate rainforest","variant":2,"scale":1.04,"icon":"forest-temperate-rainforest-2"}},{"type":"Feature","geometry":{"type":"Point","coordinates":[60.23990697774408,-25.84575275321621]},"properties":{"Biome":"Temperate rainforest","variant":2,"scale":0.987,"icon":"forest-temperate-rainforest-2"}},{"type":"Feature","geometry":{"type":"Point","coordinates":[63.66741230076142,-25.311585984193574]},"properties":{"Biome":"Temperate rainforest","variant":0,"scale":1.028,"icon":"forest-temperate-rainforest-0"}},{"type":"Feature","geometry":{"type":"Point","coordinates":[63.39005057027473,-24.51453475558487]},"properties":{"Biome":"Temperate rainforest","variant":2,"scale":0.93,"icon":"forest-temperate-rainforest-2"}},{"type":"Feature","geometry":{"type":"Point","coordinates":[66.2791479622442,-25.180255455877663]},"properties":{"Biome":"Temperate rainforest","variant":0,"scale":0.965,"icon":"forest-temperate-rainforest-0"}},{"type":"Feature","geometry":{"type":"Point","coordinates":[60.85006578413798,-23.701357139792105]},"properties":{"Biome":"Temperate rainforest","variant":2,"scale":0.937,"icon":"forest-temperate-rainforest-2"}},{"type":"Feature","geometry":{"type":"Point","coordinates":[62.62620969875206,-23.184995519878942]},"properties":{"Biome":"Temperate rainforest","variant":0,"scale":1.108,"icon":"forest-temperate-rainforest-0"}},{"type":"Feature","geometry":{"type":"Point","coordinates":[58.453877125541545,-22.84810524957829]},"properties":{"Biome":"Temperate rainforest","variant":2,"scale":1.036,"icon":"forest-temperate-rainforest-2"}},{"type":"Feature","geometry":{"type":"Point","coordinates":[82.96564931671055,-29.26098210760809]},"properties":{"Biome":"Temperate rainforest","variant":0,"scale":1.07,"icon":"forest-temperate-rainforest-0"}},{"type":"Feature","geometry":{"type":"Point","coordinates":[81.95735797115367,-25.22657743811581]},"properties":{"Biome":"Temperate rainforest","variant":0,"scale":0.913,"icon":"forest-temperate-rainforest-0"}},{"type":"Feature","geometry":{"type":"Point","coordinates":[81.55849605924355,-18.54822269452404]},"properties":{"Biome":"Temperate rainforest","variant":2,"scale":0.919,"icon":"forest-temperate-rainforest-2"}},{"type":"Feature","geometry":{"type":"Point","coordinates":[79.27371124273245,-17.6896257505323]},"properties":{"Biome":"Temperate rainforest","variant":1,"scale":0.927,"icon":"forest-temperate-rainforest-1"}},{"type":"Feature","geometry":{"type":"Point","coordinates":[85.67262104536717,-33.29324643709315]},"properties":{"Biome":"Temperate rainforest","variant":1,"scale":1.044,"icon":"forest-temperate-rainforest-1"}},{"type":"Feature","geometry":{"type":"Point","coordinates":[87.13214088913568,-33.201560319254206]},"properties":{"Biome":"Temperate rainforest","variant":2,"scale":1.02,"icon":"forest-temperate-rainforest-2"}},{"type":"Feature","geometry":{"type":"Point","coordinates":[87.83839571447464,-29.299900863619197]},"properties":{"Biome":"Temperate rainforest","variant":1,"scale":0.946,"icon":"forest-temperate-rainforest-1"}},{"type":"Feature","geometry":{"type":"Point","coordinates":[88.4200602744381,-30.237595504658422]},"properties":{"Biome":"Temperate rainforest","variant":1,"scale":0.911,"icon":"forest-temperate-rainforest-1"}},{"type":"Feature","geometry":{"type":"Point","coordinates":[88.20432027639046,-33.32881731684876]},"properties":{"Biome":"Temperate rainforest","variant":0,"scale":1.066,"icon":"forest-temperate-rainforest-0"}},{"type":"Feature","geometry":{"type":"Point","coordinates":[85.96823046176954,-33.09648228573102]},"properties":{"Biome":"Temperate rainforest","variant":0,"scale":1.001,"icon":"forest-temperate-rainforest-0"}},{"type":"Feature","geometry":{"type":"Point","coordinates":[88.97209779767012,-31.316801528009737]},"properties":{"Biome":"Temperate rainforest","variant":2,"scale":1.008,"icon":"forest-temperate-rainforest-2"}},{"type":"Feature","geometry":{"type":"Point","coordinates":[90.39773058521729,-32.26061188886207]},"properties":{"Biome":"Temperate rainforest","variant":2,"scale":0.918,"icon":"forest-temperate-rainforest-2"}},{"type":"Feature","geometry":{"type":"Point","coordinates":[87.10358598027959,-34.286251114643065]},"properties":{"Biome":"Temperate rainforest","variant":2,"scale":0.955,"icon":"forest-temperate-rainforest-2"}},{"type":"Feature","geometry":{"type":"Point","coordinates":[89.60464054241082,-33.673555344926854]},"properties":{"Biome":"Temperate rainforest","variant":0,"scale":0.932,"icon":"forest-temperate-rainforest-0"}},{"type":"Feature","geometry":{"type":"Point","coordinates":[82.8908837641148,-32.56306403468079]},"properties":{"Biome":"Temperate rainforest","variant":0,"scale":1.053,"icon":"forest-temperate-rainforest-0"}},{"type":"Feature","geometry":{"type":"Point","coordinates":[85.8530783558005,-31.499268110582936]},"properties":{"Biome":"Temperate rainforest","variant":1,"scale":1.039,"icon":"forest-temperate-rainforest-1"}},{"type":"Feature","geometry":{"type":"Point","coordinates":[84.73986402578988,-30.62092256159113]},"properties":{"Biome":"Temperate rainforest","variant":0,"scale":0.962,"icon":"forest-temperate-rainforest-0"}},{"type":"Feature","geometry":{"type":"Point","coordinates":[88.02795929162798,-18.68583022050258]},"properties":{"Biome":"Temperate rainforest","variant":0,"scale":0.953,"icon":"forest-temperate-rainforest-0"}},{"type":"Feature","geometry":{"type":"Point","coordinates":[83.65549091653725,-17.9743874194038]},"properties":{"Biome":"Temperate rainforest","variant":1,"scale":1.108,"icon":"forest-temperate-rainforest-1"}},{"type":"Feature","geometry":{"type":"Point","coordinates":[-50.080110228714425,-5.842949166346124]},"properties":{"Biome":"Deep Wood","variant":1,"scale":0.902,"icon":"forest-deep-wood-1"}},{"type":"Feature","geometry":{"type":"Point","coordinates":[-46.73943417214723,-4.265130407559673]},"properties":{"Biome":"Deep Wood","variant":0,"scale":1.015,"icon":"forest-deep-wood-0"}},{"type":"Feature","geometry":{"type":"Point","coordinates":[-48.024695646686574,-5.96627942491613]},"properties":{"Biome":"Deep Wood","variant":0,"scale":0.995,"icon":"forest-deep-wood-0"}},{"type":"Feature","geometry":{"type":"Point","coordinates":[-47.483141391913364,-4.903208657992741]},"properties":{"Biome":"Deep Wood","variant":2,"scale":1.046,"icon":"forest-deep-wood-2"}},{"type":"Feature","geometry":{"type":"Point","coordinates":[-48.92237454157506,-5.081733086314716]},"properties":{"Biome":"Deep Wood","variant":1,"scale":1.016,"icon":"forest-deep-wood-1"}},{"type":"Feature","geometry":{"type":"Point","coordinates":[-42.8668716958563,-3.8899339856504302]},"properties":{"Biome":"Deep Wood","variant":2,"scale":0.978,"icon":"forest-deep-wood-2"}},{"type":"Feature","geometry":{"type":"Point","coordinates":[-42.97928317619937,-3.0691356889919366]},"properties":{"Biome":"Deep Wood","variant":1,"scale":0.968,"icon":"forest-deep-wood-1"}},{"type":"Feature","geometry":{"type":"Point","coordinates":[-48.810838333950386,-6.1624184036163525]},"properties":{"Biome":"Deep Wood","variant":2,"scale":0.897,"icon":"forest-deep-wood-2"}},{"type":"Feature","geometry":{"type":"Point","coordinates":[-42.47307843176045,-4.418965946766329]},"properties":{"Biome":"Deep Wood","variant":1,"scale":1.044,"icon":"forest-deep-wood-1"}},{"type":"Feature","geometry":{"type":"Point","coordinates":[-44.98614275404609,-3.7216036712666862]},"properties":{"Biome":"Deep Wood","variant":2,"scale":1.042,"icon":"forest-deep-wood-2"}},{"type":"Feature","geometry":{"type":"Point","coordinates":[-43.99063442700289,-3.0173911458249547]},"properties":{"Biome":"Deep Wood","variant":2,"scale":1.075,"icon":"forest-deep-wood-2"}},{"type":"Feature","geometry":{"type":"Point","coordinates":[-44.57706404446701,-4.10352362160433]},"properties":{"Biome":"Deep Wood","variant":1,"scale":0.985,"icon":"forest-deep-wood-1"}},{"type":"Feature","geometry":{"type":"Point","coordinates":[-42.52197632292079,-2.914324729455757]},"properties":{"Biome":"Deep Wood","variant":1,"scale":0.99,"icon":"forest-deep-wood-1"}},{"type":"Feature","geometry":{"type":"Point","coordinates":[-42.33277373711819,-3.4087410362629416]},"properties":{"Biome":"Deep Wood","variant":0,"scale":0.919,"icon":"forest-deep-wood-0"}},{"type":"Feature","geometry":{"type":"Point","coordinates":[-43.02338753995559,-3.315823301534321]},"properties":{"Biome":"Deep Wood","variant":2,"scale":1.086,"icon":"forest-deep-wood-2"}},{"type":"Feature","geometry":{"type":"Point","coordinates":[-43.22088110018717,-3.8746102925650114]},"properties":{"Biome":"Deep Wood","variant":0,"scale":1.074,"icon":"forest-deep-wood-0"}},{"type":"Feature","geometry":{"type":"Point","coordinates":[-48.15743494963307,-5.029253803094423]},"properties":{"Biome":"Deep Wood","variant":1,"scale":0.981,"icon":"forest-deep-wood-1"}},{"type":"Feature","geometry":{"type":"Point","coordinates":[-42.62991290864888,-3.84256186109444]},"properties":{"Biome":"Deep Wood","variant":2,"scale":0.985,"icon":"forest-deep-wood-2"}},{"type":"Feature","geometry":{"type":"Point","coordinates":[-44.66608516540195,-3.5878765561181583]},"properties":{"Biome":"Deep Wood","variant":0,"scale":1.063,"icon":"forest-deep-wood-0"}},{"type":"Feature","geometry":{"type":"Point","coordinates":[-46.14196508496221,-5.289009856810601]},"properties":{"Biome":"Deep Wood","variant":0,"scale":0.963,"icon":"forest-deep-wood-0"}},{"type":"Feature","geometry":{"type":"Point","coordinates":[-45.8115422043806,-3.149970313080691]},"properties":{"Biome":"Deep Wood","variant":1,"scale":1.002,"icon":"forest-deep-wood-1"}},{"type":"Feature","geometry":{"type":"Point","coordinates":[-47.40430530357525,-5.458170880358617]},"properties":{"Biome":"Deep Wood","variant":2,"scale":1.003,"icon":"forest-deep-wood-2"}},{"type":"Feature","geometry":{"type":"Point","coordinates":[-48.21287299639549,-6.159083689428851]},"properties":{"Biome":"Deep Wood","variant":1,"scale":1.06,"icon":"forest-deep-wood-1"}},{"type":"Feature","geometry":{"type":"Point","coordinates":[-47.34121344990803,-5.546929505014125]},"properties":{"Biome":"Deep Wood","variant":1,"scale":1.109,"icon":"forest-deep-wood-1"}},{"type":"Feature","geometry":{"type":"Point","coordinates":[-40.770779256450055,-4.358958226723101]},"properties":{"Biome":"Deep Wood","variant":1,"scale":0.98,"icon":"forest-deep-wood-1"}},{"type":"Feature","geometry":{"type":"Point","coordinates":[-41.88832736318515,-2.3834816548244513]},"properties":{"Biome":"Deep Wood","variant":2,"scale":0.889,"icon":"forest-deep-wood-2"}},{"type":"Feature","geometry":{"type":"Point","coordinates":[-46.12039247854879,-4.850452521544146]},"properties":{"Biome":"Deep Wood","variant":1,"scale":1.102,"icon":"forest-deep-wood-1"}},{"type":"Feature","geometry":{"type":"Point","coordinates":[-48.36776844885156,-5.542083818954586]},"properties":{"Biome":"Deep Wood","variant":1,"scale":1.081,"icon":"forest-deep-wood-1"}},{"type":"Feature","geometry":{"type":"Point","coordinates":[-49.08989733763063,-5.337124452195494]},"properties":{"Biome":"Deep Wood","variant":1,"scale":1.059,"icon":"forest-deep-wood-1"}},{"type":"Feature","geometry":{"type":"Point","coordinates":[-40.42840122865984,-3.9861142123330082]},"properties":{"Biome":"Deep Wood","variant":1,"scale":0.914,"icon":"forest-deep-wood-1"}},{"type":"Feature","geometry":{"type":"Point","coordinates":[-45.41800378784289,-3.480292760274937]},"properties":{"Biome":"Deep Wood","variant":2,"scale":0.887,"icon":"forest-deep-wood-2"}},{"type":"Feature","geometry":{"type":"Point","coordinates":[-45.32738397397861,-3.9314269607627925]},"properties":{"Biome":"Deep Wood","variant":0,"scale":0.888,"icon":"forest-deep-wood-0"}},{"type":"Feature","geometry":{"type":"Point","coordinates":[-45.1954288718324,-3.006331523977882]},"properties":{"Biome":"Deep Wood","variant":1,"scale":1.071,"icon":"forest-deep-wood-1"}},{"type":"Feature","geometry":{"type":"Point","coordinates":[-40.57805565671015,-4.419615395894648]},"properties":{"Biome":"Deep Wood","variant":0,"scale":1.108,"icon":"forest-deep-wood-0"}},{"type":"Feature","geometry":{"type":"Point","coordinates":[-6.670744309072014,44.48523072969977]},"properties":{"Biome":"Deep Wood","variant":1,"scale":0.97,"icon":"forest-deep-wood-1"}},{"type":"Feature","geometry":{"type":"Point","coordinates":[-9.813484647576704,48.79128209963474]},"properties":{"Biome":"Deep Wood","variant":0,"scale":1.071,"icon":"forest-deep-wood-0"}},{"type":"Feature","geometry":{"type":"Point","coordinates":[-8.542120602123584,46.15909517227556]},"properties":{"Biome":"Deep Wood","variant":1,"scale":1.114,"icon":"forest-deep-wood-1"}},{"type":"Feature","geometry":{"type":"Point","coordinates":[-3.5516727503240517,45.07073727131962]},"properties":{"Biome":"Deep Wood","variant":1,"scale":1.102,"icon":"forest-deep-wood-1"}},{"type":"Feature","geometry":{"type":"Point","coordinates":[-7.499334155774671,45.48494056783768]},"properties":{"Biome":"Deep Wood","variant":2,"scale":0.937,"icon":"forest-deep-wood-2"}},{"type":"Feature","geometry":{"type":"Point","coordinates":[-2.446893050773098,44.30881537030765]},"properties":{"Biome":"Deep Wood","variant":1,"scale":1.006,"icon":"forest-deep-wood-1"}},{"type":"Feature","geometry":{"type":"Point","coordinates":[0.6995423943877483,44.69334162065362]},"properties":{"Biome":"Deep Wood","variant":1,"scale":0.986,"icon":"forest-deep-wood-1"}},{"type":"Feature","geometry":{"type":"Point","coordinates":[-7.834248276974748,47.44477298698978]},"properties":{"Biome":"Deep Wood","variant":2,"scale":1.106,"icon":"forest-deep-wood-2"}},{"type":"Feature","geometry":{"type":"Point","coordinates":[-7.150313761965853,44.60824191041209]},"properties":{"Biome":"Deep Wood","variant":2,"scale":0.967,"icon":"forest-deep-wood-2"}},{"type":"Feature","geometry":{"type":"Point","coordinates":[-6.163611758596962,45.33852411053912]},"properties":{"Biome":"Deep Wood","variant":1,"scale":0.944,"icon":"forest-deep-wood-1"}},{"type":"Feature","geometry":{"type":"Point","coordinates":[0.661522807578721,44.71031662073869]},"properties":{"Biome":"Deep Wood","variant":0,"scale":0.989,"icon":"forest-deep-wood-0"}},{"type":"Feature","geometry":{"type":"Point","coordinates":[-5.015250259385849,44.59009900144468]},"properties":{"Biome":"Deep Wood","variant":1,"scale":0.913,"icon":"forest-deep-wood-1"}},{"type":"Feature","geometry":{"type":"Point","coordinates":[-3.9304337657828192,45.21480350764617]},"properties":{"Biome":"Deep Wood","variant":2,"scale":1.078,"icon":"forest-deep-wood-2"}},{"type":"Feature","geometry":{"type":"Point","coordinates":[-0.7946401717518664,44.559780574727945]},"properties":{"Biome":"Deep Wood","variant":1,"scale":0.916,"icon":"forest-deep-wood-1"}},{"type":"Feature","geometry":{"type":"Point","coordinates":[-10.093558511609158,47.82891168785554]},"properties":{"Biome":"Deep Wood","variant":0,"scale":1.085,"icon":"forest-deep-wood-0"}},{"type":"Feature","geometry":{"type":"Point","coordinates":[-7.030997202430282,45.13086015489771]},"properties":{"Biome":"Deep Wood","variant":2,"scale":1.037,"icon":"forest-deep-wood-2"}},{"type":"Feature","geometry":{"type":"Point","coordinates":[-1.1770787216240801,44.41754073944612]},"properties":{"Biome":"Deep Wood","variant":1,"scale":1.078,"icon":"forest-deep-wood-1"}},{"type":"Feature","geometry":{"type":"Point","coordinates":[-7.12736539507576,45.061550390703495]},"properties":{"Biome":"Deep Wood","variant":0,"scale":0.999,"icon":"forest-deep-wood-0"}},{"type":"Feature","geometry":{"type":"Point","coordinates":[-8.96380104703826,48.414585065167586]},"properties":{"Biome":"Deep Wood","variant":2,"scale":1.077,"icon":"forest-deep-wood-2"}},{"type":"Feature","geometry":{"type":"Point","coordinates":[-6.942467861688888,45.28410220648074]},"properties":{"Biome":"Deep Wood","variant":0,"scale":1.086,"icon":"forest-deep-wood-0"}},{"type":"Feature","geometry":{"type":"Point","coordinates":[-9.04572649941478,47.74604177587537]},"properties":{"Biome":"Deep Wood","variant":2,"scale":0.941,"icon":"forest-deep-wood-2"}},{"type":"Feature","geometry":{"type":"Point","coordinates":[1.374189281338016,44.625227711359415]},"properties":{"Biome":"Deep Wood","variant":1,"scale":1.025,"icon":"forest-deep-wood-1"}},{"type":"Feature","geometry":{"type":"Point","coordinates":[-9.643305618530835,48.07795970657118]},"properties":{"Biome":"Deep Wood","variant":2,"scale":0.911,"icon":"forest-deep-wood-2"}},{"type":"Feature","geometry":{"type":"Point","coordinates":[-76.82275787392825,-12.921106189192024]},"properties":{"Biome":"Tropical seasonal forest","variant":0,"scale":0.944,"icon":"forest-tropical-seasonal-0"}},{"type":"Feature","geometry":{"type":"Point","coordinates":[-75.99127865087277,-12.609720817176445]},"properties":{"Biome":"Tropical seasonal forest","variant":0,"scale":1.11,"icon":"forest-tropical-seasonal-0"}},{"type":"Feature","geometry":{"type":"Point","coordinates":[-79.96084531975399,-11.095485677898608]},"properties":{"Biome":"Tropical seasonal forest","variant":1,"scale":1.042,"icon":"forest-tropical-seasonal-1"}},{"type":"Feature","geometry":{"type":"Point","coordinates":[-85.52060525570367,-9.581670932061032]},"properties":{"Biome":"Tropical seasonal forest","variant":1,"scale":1.101,"icon":"forest-tropical-seasonal-1"}},{"type":"Feature","geometry":{"type":"Point","coordinates":[-81.53880080970039,-10.216209460527303]},"properties":{"Biome":"Tropical seasonal forest","variant":2,"scale":1.098,"icon":"forest-tropical-seasonal-2"}},{"type":"Feature","geometry":{"type":"Point","coordinates":[-78.64411014547737,-8.901920413142983]},"properties":{"Biome":"Tropical seasonal forest","variant":0,"scale":1.108,"icon":"forest-tropical-seasonal-0"}},{"type":"Feature","geometry":{"type":"Point","coordinates":[-82.75584753397014,-8.491771396156738]},"properties":{"Biome":"Tropical seasonal forest","variant":1,"scale":1.085,"icon":"forest-tropical-seasonal-1"}},{"type":"Feature","geometry":{"type":"Point","coordinates":[-80.47614623844514,-8.84099610691318]},"properties":{"Biome":"Tropical seasonal forest","variant":0,"scale":0.885,"icon":"forest-tropical-seasonal-0"}},{"type":"Feature","geometry":{"type":"Point","coordinates":[-71.93273770895564,-4.927852676523427]},"properties":{"Biome":"Tropical seasonal forest","variant":1,"scale":0.886,"icon":"forest-tropical-seasonal-1"}},{"type":"Feature","geometry":{"type":"Point","coordinates":[-65.72992010885996,-2.835274475614689]},"properties":{"Biome":"Tropical seasonal forest","variant":1,"scale":1.098,"icon":"forest-tropical-seasonal-1"}},{"type":"Feature","geometry":{"type":"Point","coordinates":[-69.53242677066201,-6.096182447158391]},"properties":{"Biome":"Tropical seasonal forest","variant":1,"scale":0.926,"icon":"forest-tropical-seasonal-1"}},{"type":"Feature","geometry":{"type":"Point","coordinates":[-67.92988080948533,-4.267811505262261]},"properties":{"Biome":"Tropical seasonal forest","variant":0,"scale":1.027,"icon":"forest-tropical-seasonal-0"}},{"type":"Feature","geometry":{"type":"Point","coordinates":[-69.0462040397486,-6.518246799138743]},"properties":{"Biome":"Tropical seasonal forest","variant":1,"scale":0.949,"icon":"forest-tropical-seasonal-1"}},{"type":"Feature","geometry":{"type":"Point","coordinates":[-73.01934996484808,-4.033525680930686]},"properties":{"Biome":"Tropical seasonal forest","variant":2,"scale":1.102,"icon":"forest-tropical-seasonal-2"}},{"type":"Feature","geometry":{"type":"Point","coordinates":[-61.45019657283909,-9.007471013742743]},"properties":{"Biome":"Tropical seasonal forest","variant":1,"scale":0.954,"icon":"forest-tropical-seasonal-1"}},{"type":"Feature","geometry":{"type":"Point","coordinates":[-64.9386997958298,-4.717340367409356]},"properties":{"Biome":"Tropical seasonal forest","variant":1,"scale":0.97,"icon":"forest-tropical-seasonal-1"}},{"type":"Feature","geometry":{"type":"Point","coordinates":[-71.72373750468411,-2.3213303875854643]},"properties":{"Biome":"Tropical seasonal forest","variant":1,"scale":0.897,"icon":"forest-tropical-seasonal-1"}},{"type":"Feature","geometry":{"type":"Point","coordinates":[-59.71900321053457,-10.62583657049742]},"properties":{"Biome":"Tropical seasonal forest","variant":1,"scale":0.905,"icon":"forest-tropical-seasonal-1"}},{"type":"Feature","geometry":{"type":"Point","coordinates":[-56.561442364986966,-10.218936109252747]},"properties":{"Biome":"Tropical seasonal forest","variant":1,"scale":0.941,"icon":"forest-tropical-seasonal-1"}},{"type":"Feature","geometry":{"type":"Point","coordinates":[-68.13272434761254,-4.204181260450848]},"properties":{"Biome":"Tropical seasonal forest","variant":1,"scale":1.066,"icon":"forest-tropical-seasonal-1"}},{"type":"Feature","geometry":{"type":"Point","coordinates":[-68.39791127852814,-6.940368534120888]},"properties":{"Biome":"Tropical seasonal forest","variant":2,"scale":1.004,"icon":"forest-tropical-seasonal-2"}},{"type":"Feature","geometry":{"type":"Point","coordinates":[-66.84349818219711,-4.024980069637413]},"properties":{"Biome":"Tropical seasonal forest","variant":1,"scale":1.017,"icon":"forest-tropical-seasonal-1"}},{"type":"Feature","geometry":{"type":"Point","coordinates":[-67.6561838383481,-2.8435323293459236]},"properties":{"Biome":"Tropical seasonal forest","variant":1,"scale":0.905,"icon":"forest-tropical-seasonal-1"}},{"type":"Feature","geometry":{"type":"Point","coordinates":[-62.848708437321704,-5.216530077520179]},"properties":{"Biome":"Tropical seasonal forest","variant":2,"scale":0.886,"icon":"forest-tropical-seasonal-2"}},{"type":"Feature","geometry":{"type":"Point","coordinates":[-65.77190924461331,-0.8139552987453841]},"properties":{"Biome":"Tropical seasonal forest","variant":1,"scale":0.911,"icon":"forest-tropical-seasonal-1"}},{"type":"Feature","geometry":{"type":"Point","coordinates":[-57.51174532199791,-10.7049580639344]},"properties":{"Biome":"Tropical seasonal forest","variant":1,"scale":0.907,"icon":"forest-tropical-seasonal-1"}},{"type":"Feature","geometry":{"type":"Point","coordinates":[-72.34175766995997,-0.6047217752408176]},"properties":{"Biome":"Tropical seasonal forest","variant":0,"scale":1.108,"icon":"forest-tropical-seasonal-0"}},{"type":"Feature","geometry":{"type":"Point","coordinates":[-66.51579308453053,-0.0019626579616984015]},"properties":{"Biome":"Tropical seasonal forest","variant":0,"scale":0.982,"icon":"forest-tropical-seasonal-0"}},{"type":"Feature","geometry":{"type":"Point","coordinates":[-67.99447883276281,-2.0946784597040744]},"properties":{"Biome":"Tropical seasonal forest","variant":1,"scale":0.913,"icon":"forest-tropical-seasonal-1"}},{"type":"Feature","geometry":{"type":"Point","coordinates":[-69.64212924096448,-7.811599897233819]},"properties":{"Biome":"Tropical seasonal forest","variant":0,"scale":1.11,"icon":"forest-tropical-seasonal-0"}},{"type":"Feature","geometry":{"type":"Point","coordinates":[-66.28662310798182,-4.301024943512261]},"properties":{"Biome":"Tropical seasonal forest","variant":2,"scale":1.021,"icon":"forest-tropical-seasonal-2"}},{"type":"Feature","geometry":{"type":"Point","coordinates":[-74.1431188420844,-1.9268392492652946]},"properties":{"Biome":"Tropical seasonal forest","variant":0,"scale":1.036,"icon":"forest-tropical-seasonal-0"}},{"type":"Feature","geometry":{"type":"Point","coordinates":[-64.44099184341216,-4.6652017791558995]},"properties":{"Biome":"Tropical seasonal forest","variant":1,"scale":0.954,"icon":"forest-tropical-seasonal-1"}},{"type":"Feature","geometry":{"type":"Point","coordinates":[-63.54133121051987,-4.286665093493565]},"properties":{"Biome":"Tropical seasonal forest","variant":2,"scale":1.082,"icon":"forest-tropical-seasonal-2"}},{"type":"Feature","geometry":{"type":"Point","coordinates":[-66.49675175872717,-0.47125219736515817]},"properties":{"Biome":"Tropical seasonal forest","variant":1,"scale":1.101,"icon":"forest-tropical-seasonal-1"}},{"type":"Feature","geometry":{"type":"Point","coordinates":[-64.44862945248582,-5.956796373572475]},"properties":{"Biome":"Tropical seasonal forest","variant":2,"scale":1.014,"icon":"forest-tropical-seasonal-2"}},{"type":"Feature","geometry":{"type":"Point","coordinates":[-61.237259805385534,-9.288568149104146]},"properties":{"Biome":"Tropical seasonal forest","variant":2,"scale":0.896,"icon":"forest-tropical-seasonal-2"}},{"type":"Feature","geometry":{"type":"Point","coordinates":[-71.45883953861558,0.8537246107062507]},"properties":{"Biome":"Tropical seasonal forest","variant":2,"scale":0.985,"icon":"forest-tropical-seasonal-2"}},{"type":"Feature","geometry":{"type":"Point","coordinates":[-74.0787745159234,2.8928378657215696]},"properties":{"Biome":"Tropical seasonal forest","variant":2,"scale":0.965,"icon":"forest-tropical-seasonal-2"}},{"type":"Feature","geometry":{"type":"Point","coordinates":[-73.08040522920507,1.1249916786179315]},"properties":{"Biome":"Tropical seasonal forest","variant":2,"scale":0.974,"icon":"forest-tropical-seasonal-2"}},{"type":"Feature","geometry":{"type":"Point","coordinates":[-72.03465290181519,1.2795102314700135]},"properties":{"Biome":"Tropical seasonal forest","variant":0,"scale":0.932,"icon":"forest-tropical-seasonal-0"}},{"type":"Feature","geometry":{"type":"Point","coordinates":[-73.8617664476588,2.6837831781967267]},"properties":{"Biome":"Tropical seasonal forest","variant":2,"scale":1.059,"icon":"forest-tropical-seasonal-2"}},{"type":"Feature","geometry":{"type":"Point","coordinates":[-71.32594597582663,6.265853878169368]},"properties":{"Biome":"Tropical seasonal forest","variant":1,"scale":0.903,"icon":"forest-tropical-seasonal-1"}},{"type":"Feature","geometry":{"type":"Point","coordinates":[-69.89518431433987,9.202967600117509]},"properties":{"Biome":"Tropical seasonal forest","variant":2,"scale":0.99,"icon":"forest-tropical-seasonal-2"}},{"type":"Feature","geometry":{"type":"Point","coordinates":[-71.18849284522956,9.423666108915812]},"properties":{"Biome":"Tropical seasonal forest","variant":0,"scale":0.951,"icon":"forest-tropical-seasonal-0"}},{"type":"Feature","geometry":{"type":"Point","coordinates":[-70.71965926515821,6.6709282841001345]},"properties":{"Biome":"Tropical seasonal forest","variant":1,"scale":1.088,"icon":"forest-tropical-seasonal-1"}},{"type":"Feature","geometry":{"type":"Point","coordinates":[-66.92398969784067,7.998486425891872]},"properties":{"Biome":"Tropical seasonal forest","variant":2,"scale":1.079,"icon":"forest-tropical-seasonal-2"}},{"type":"Feature","geometry":{"type":"Point","coordinates":[-70.20886436882904,10.345785362253572]},"properties":{"Biome":"Tropical seasonal forest","variant":2,"scale":1.039,"icon":"forest-tropical-seasonal-2"}},{"type":"Feature","geometry":{"type":"Point","coordinates":[-68.35815634265168,16.572510837306986]},"properties":{"Biome":"Tropical seasonal forest","variant":0,"scale":1.074,"icon":"forest-tropical-seasonal-0"}},{"type":"Feature","geometry":{"type":"Point","coordinates":[-71.66654307318811,7.507796121832717]},"properties":{"Biome":"Tropical seasonal forest","variant":0,"scale":1.08,"icon":"forest-tropical-seasonal-0"}},{"type":"Feature","geometry":{"type":"Point","coordinates":[-71.09893834280187,6.9217626237565675]},"properties":{"Biome":"Tropical seasonal forest","variant":0,"scale":0.896,"icon":"forest-tropical-seasonal-0"}},{"type":"Feature","geometry":{"type":"Point","coordinates":[-67.17474595091853,14.771448610830431]},"properties":{"Biome":"Tropical seasonal forest","variant":2,"scale":1.009,"icon":"forest-tropical-seasonal-2"}},{"type":"Feature","geometry":{"type":"Point","coordinates":[-69.1204747592384,9.14618042907263]},"properties":{"Biome":"Tropical seasonal forest","variant":0,"scale":0.981,"icon":"forest-tropical-seasonal-0"}},{"type":"Feature","geometry":{"type":"Point","coordinates":[-71.9019392627378,11.390663262908483]},"properties":{"Biome":"Tropical seasonal forest","variant":1,"scale":1.064,"icon":"forest-tropical-seasonal-1"}},{"type":"Feature","geometry":{"type":"Point","coordinates":[-68.43906938429544,7.563978798050926]},"properties":{"Biome":"Tropical seasonal forest","variant":0,"scale":1.061,"icon":"forest-tropical-seasonal-0"}},{"type":"Feature","geometry":{"type":"Point","coordinates":[-67.78879773272116,12.837452330294537]},"properties":{"Biome":"Tropical seasonal forest","variant":2,"scale":1.12,"icon":"forest-tropical-seasonal-2"}},{"type":"Feature","geometry":{"type":"Point","coordinates":[-67.3681999784834,9.822976389764353]},"properties":{"Biome":"Tropical seasonal forest","variant":0,"scale":0.992,"icon":"forest-tropical-seasonal-0"}},{"type":"Feature","geometry":{"type":"Point","coordinates":[-69.98095705650273,11.28451182985169]},"properties":{"Biome":"Tropical seasonal forest","variant":2,"scale":1.052,"icon":"forest-tropical-seasonal-2"}},{"type":"Feature","geometry":{"type":"Point","coordinates":[-73.2115788360754,8.400483677556725]},"properties":{"Biome":"Tropical seasonal forest","variant":0,"scale":0.884,"icon":"forest-tropical-seasonal-0"}},{"type":"Feature","geometry":{"type":"Point","coordinates":[-71.80207338955839,10.895849224017457]},"properties":{"Biome":"Tropical seasonal forest","variant":1,"scale":0.986,"icon":"forest-tropical-seasonal-1"}},{"type":"Feature","geometry":{"type":"Point","coordinates":[-70.58970786970474,8.792116347635943]},"properties":{"Biome":"Tropical seasonal forest","variant":0,"scale":1.056,"icon":"forest-tropical-seasonal-0"}},{"type":"Feature","geometry":{"type":"Point","coordinates":[-68.57476936850951,8.712989451623152]},"properties":{"Biome":"Tropical seasonal forest","variant":0,"scale":0.915,"icon":"forest-tropical-seasonal-0"}},{"type":"Feature","geometry":{"type":"Point","coordinates":[-70.09373462533483,8.324648247852577]},"properties":{"Biome":"Tropical seasonal forest","variant":2,"scale":0.997,"icon":"forest-tropical-seasonal-2"}},{"type":"Feature","geometry":{"type":"Point","coordinates":[-68.5315527660374,10.179343611272774]},"properties":{"Biome":"Tropical seasonal forest","variant":2,"scale":1.061,"icon":"forest-tropical-seasonal-2"}},{"type":"Feature","geometry":{"type":"Point","coordinates":[-71.39936376112625,11.393369687217744]},"properties":{"Biome":"Tropical seasonal forest","variant":0,"scale":0.969,"icon":"forest-tropical-seasonal-0"}},{"type":"Feature","geometry":{"type":"Point","coordinates":[-68.24920344100629,-10.79634902609404]},"properties":{"Biome":"Tropical seasonal forest","variant":1,"scale":0.951,"icon":"forest-tropical-seasonal-1"}},{"type":"Feature","geometry":{"type":"Point","coordinates":[-68.51675356112442,-11.098078146760285]},"properties":{"Biome":"Tropical seasonal forest","variant":1,"scale":1.12,"icon":"forest-tropical-seasonal-1"}},{"type":"Feature","geometry":{"type":"Point","coordinates":[-71.52668555620122,-0.04419921558565924]},"properties":{"Biome":"Tropical seasonal forest","variant":2,"scale":1.114,"icon":"forest-tropical-seasonal-2"}},{"type":"Feature","geometry":{"type":"Point","coordinates":[-71.64896306349942,4.221939225839769]},"properties":{"Biome":"Tropical seasonal forest","variant":0,"scale":0.918,"icon":"forest-tropical-seasonal-0"}},{"type":"Feature","geometry":{"type":"Point","coordinates":[-57.98385267990919,-13.19235570955412]},"properties":{"Biome":"Tropical seasonal forest","variant":0,"scale":1.119,"icon":"forest-tropical-seasonal-0"}},{"type":"Feature","geometry":{"type":"Point","coordinates":[-54.94409978725924,9.9978189208816]},"properties":{"Biome":"Tropical seasonal forest","variant":0,"scale":1.04,"icon":"forest-tropical-seasonal-0"}},{"type":"Feature","geometry":{"type":"Point","coordinates":[-55.68109701056211,9.295601183173746]},"properties":{"Biome":"Tropical seasonal forest","variant":1,"scale":0.916,"icon":"forest-tropical-seasonal-1"}},{"type":"Feature","geometry":{"type":"Point","coordinates":[-55.43425396284063,10.10924115551281]},"properties":{"Biome":"Tropical seasonal forest","variant":0,"scale":0.947,"icon":"forest-tropical-seasonal-0"}},{"type":"Feature","geometry":{"type":"Point","coordinates":[-49.73089199646852,8.774437825995808]},"properties":{"Biome":"Tropical seasonal forest","variant":2,"scale":0.916,"icon":"forest-tropical-seasonal-2"}},{"type":"Feature","geometry":{"type":"Point","coordinates":[-54.57166643091851,9.750755787905815]},"properties":{"Biome":"Tropical seasonal forest","variant":0,"scale":0.904,"icon":"forest-tropical-seasonal-0"}},{"type":"Feature","geometry":{"type":"Point","coordinates":[-54.46853210530966,9.05184380862364]},"properties":{"Biome":"Tropical seasonal forest","variant":0,"scale":0.995,"icon":"forest-tropical-seasonal-0"}},{"type":"Feature","geometry":{"type":"Point","coordinates":[-53.57292919191914,9.42504800796198]},"properties":{"Biome":"Tropical seasonal forest","variant":2,"scale":1.035,"icon":"forest-tropical-seasonal-2"}},{"type":"Feature","geometry":{"type":"Point","coordinates":[-62.59809761346927,8.842638571751033]},"properties":{"Biome":"Tropical seasonal forest","variant":1,"scale":1.078,"icon":"forest-tropical-seasonal-1"}},{"type":"Feature","geometry":{"type":"Point","coordinates":[-59.73219930826465,10.184027935716456]},"properties":{"Biome":"Tropical seasonal forest","variant":0,"scale":0.928,"icon":"forest-tropical-seasonal-0"}},{"type":"Feature","geometry":{"type":"Point","coordinates":[-53.83516256381727,9.42609878536994]},"properties":{"Biome":"Tropical seasonal forest","variant":0,"scale":0.932,"icon":"forest-tropical-seasonal-0"}},{"type":"Feature","geometry":{"type":"Point","coordinates":[-53.6255967958866,9.86491709920108]},"properties":{"Biome":"Tropical seasonal forest","variant":1,"scale":1.098,"icon":"forest-tropical-seasonal-1"}},{"type":"Feature","geometry":{"type":"Point","coordinates":[-51.93610528745547,9.331188011762823]},"properties":{"Biome":"Tropical seasonal forest","variant":0,"scale":1.111,"icon":"forest-tropical-seasonal-0"}},{"type":"Feature","geometry":{"type":"Point","coordinates":[-48.663119220971026,9.05519609491494]},"properties":{"Biome":"Tropical seasonal forest","variant":2,"scale":1.001,"icon":"forest-tropical-seasonal-2"}},{"type":"Feature","geometry":{"type":"Point","coordinates":[-48.8751050390648,10.689815220500142]},"properties":{"Biome":"Tropical seasonal forest","variant":2,"scale":1.034,"icon":"forest-tropical-seasonal-2"}},{"type":"Feature","geometry":{"type":"Point","coordinates":[-56.26595920923735,10.645333601690307]},"properties":{"Biome":"Tropical seasonal forest","variant":2,"scale":0.958,"icon":"forest-tropical-seasonal-2"}},{"type":"Feature","geometry":{"type":"Point","coordinates":[-65.67932094943858,8.618278409167168]},"properties":{"Biome":"Tropical seasonal forest","variant":1,"scale":1.01,"icon":"forest-tropical-seasonal-1"}},{"type":"Feature","geometry":{"type":"Point","coordinates":[-52.8903135535487,-9.942544030712115]},"properties":{"Biome":"Tropical seasonal forest","variant":1,"scale":0.992,"icon":"forest-tropical-seasonal-1"}},{"type":"Feature","geometry":{"type":"Point","coordinates":[-53.36568748667191,-10.819269306045694]},"properties":{"Biome":"Tropical seasonal forest","variant":1,"scale":0.98,"icon":"forest-tropical-seasonal-1"}},{"type":"Feature","geometry":{"type":"Point","coordinates":[-39.897481807565484,-5.379679323637205]},"properties":{"Biome":"Tropical seasonal forest","variant":1,"scale":1.101,"icon":"forest-tropical-seasonal-1"}},{"type":"Feature","geometry":{"type":"Point","coordinates":[-45.42515385936189,-9.537528119281687]},"properties":{"Biome":"Tropical seasonal forest","variant":1,"scale":1.007,"icon":"forest-tropical-seasonal-1"}},{"type":"Feature","geometry":{"type":"Point","coordinates":[-44.48471250895729,-8.644137151647477]},"properties":{"Biome":"Tropical seasonal forest","variant":2,"scale":0.934,"icon":"forest-tropical-seasonal-2"}},{"type":"Feature","geometry":{"type":"Point","coordinates":[-44.110729830375455,-5.949136859656088]},"properties":{"Biome":"Tropical seasonal forest","variant":1,"scale":1.089,"icon":"forest-tropical-seasonal-1"}},{"type":"Feature","geometry":{"type":"Point","coordinates":[-46.47511457666279,-9.617834310189124]},"properties":{"Biome":"Tropical seasonal forest","variant":2,"scale":0.897,"icon":"forest-tropical-seasonal-2"}},{"type":"Feature","geometry":{"type":"Point","coordinates":[-43.83680111311826,-8.756138902299252]},"properties":{"Biome":"Tropical seasonal forest","variant":1,"scale":0.898,"icon":"forest-tropical-seasonal-1"}},{"type":"Feature","geometry":{"type":"Point","coordinates":[-38.07625832110545,-5.287302461293178]},"properties":{"Biome":"Tropical seasonal forest","variant":1,"scale":0.91,"icon":"forest-tropical-seasonal-1"}},{"type":"Feature","geometry":{"type":"Point","coordinates":[-48.675541899189106,-7.286894195307342]},"properties":{"Biome":"Tropical seasonal forest","variant":1,"scale":1.089,"icon":"forest-tropical-seasonal-1"}},{"type":"Feature","geometry":{"type":"Point","coordinates":[-43.87231853344594,-5.9040257116621815]},"properties":{"Biome":"Tropical seasonal forest","variant":2,"scale":0.999,"icon":"forest-tropical-seasonal-2"}},{"type":"Feature","geometry":{"type":"Point","coordinates":[-44.41693321059645,-10.056931132206719]},"properties":{"Biome":"Tropical seasonal forest","variant":0,"scale":0.907,"icon":"forest-tropical-seasonal-0"}},{"type":"Feature","geometry":{"type":"Point","coordinates":[-49.40121692731684,12.02761637853007]},"properties":{"Biome":"Tropical seasonal forest","variant":1,"scale":0.898,"icon":"forest-tropical-seasonal-1"}},{"type":"Feature","geometry":{"type":"Point","coordinates":[-52.508953002156375,12.034924391937215]},"properties":{"Biome":"Tropical seasonal forest","variant":2,"scale":0.912,"icon":"forest-tropical-seasonal-2"}},{"type":"Feature","geometry":{"type":"Point","coordinates":[-51.41142851554369,12.746261804896656]},"properties":{"Biome":"Tropical seasonal forest","variant":0,"scale":0.917,"icon":"forest-tropical-seasonal-0"}},{"type":"Feature","geometry":{"type":"Point","coordinates":[-51.48027521216586,14.79217444152527]},"properties":{"Biome":"Tropical seasonal forest","variant":1,"scale":0.951,"icon":"forest-tropical-seasonal-1"}},{"type":"Feature","geometry":{"type":"Point","coordinates":[-51.123126000777866,23.857876808549022]},"properties":{"Biome":"Tropical seasonal forest","variant":0,"scale":0.955,"icon":"forest-tropical-seasonal-0"}},{"type":"Feature","geometry":{"type":"Point","coordinates":[-53.38103514089447,23.599368181291492]},"properties":{"Biome":"Tropical seasonal forest","variant":0,"scale":1.035,"icon":"forest-tropical-seasonal-0"}},{"type":"Feature","geometry":{"type":"Point","coordinates":[-36.70653723503426,-11.567385137730467]},"properties":{"Biome":"Tropical seasonal forest","variant":1,"scale":0.926,"icon":"forest-tropical-seasonal-1"}},{"type":"Feature","geometry":{"type":"Point","coordinates":[-38.78413159347745,-8.20874550525717]},"properties":{"Biome":"Tropical seasonal forest","variant":0,"scale":0.955,"icon":"forest-tropical-seasonal-0"}},{"type":"Feature","geometry":{"type":"Point","coordinates":[-38.00491497066348,-8.981604158760682]},"properties":{"Biome":"Tropical seasonal forest","variant":1,"scale":0.979,"icon":"forest-tropical-seasonal-1"}},{"type":"Feature","geometry":{"type":"Point","coordinates":[-39.01924444399575,-7.468719654062443]},"properties":{"Biome":"Tropical seasonal forest","variant":2,"scale":0.969,"icon":"forest-tropical-seasonal-2"}},{"type":"Feature","geometry":{"type":"Point","coordinates":[-43.130487912753196,-6.465528337667205]},"properties":{"Biome":"Tropical seasonal forest","variant":1,"scale":0.989,"icon":"forest-tropical-seasonal-1"}},{"type":"Feature","geometry":{"type":"Point","coordinates":[-48.5881153808665,16.81546776246747]},"properties":{"Biome":"Tropical seasonal forest","variant":1,"scale":0.961,"icon":"forest-tropical-seasonal-1"}},{"type":"Feature","geometry":{"type":"Point","coordinates":[-46.46233369039429,21.11335895723908]},"properties":{"Biome":"Tropical seasonal forest","variant":2,"scale":1.021,"icon":"forest-tropical-seasonal-2"}},{"type":"Feature","geometry":{"type":"Point","coordinates":[-43.27375560739108,20.8259591723393]},"properties":{"Biome":"Tropical seasonal forest","variant":1,"scale":0.961,"icon":"forest-tropical-seasonal-1"}},{"type":"Feature","geometry":{"type":"Point","coordinates":[-42.78292888731268,21.873671981423836]},"properties":{"Biome":"Tropical seasonal forest","variant":2,"scale":1.034,"icon":"forest-tropical-seasonal-2"}},{"type":"Feature","geometry":{"type":"Point","coordinates":[-47.26337216450921,22.173028620719005]},"properties":{"Biome":"Tropical seasonal forest","variant":1,"scale":0.927,"icon":"forest-tropical-seasonal-1"}},{"type":"Feature","geometry":{"type":"Point","coordinates":[-43.18862618799524,23.950073566438025]},"properties":{"Biome":"Tropical seasonal forest","variant":1,"scale":1.065,"icon":"forest-tropical-seasonal-1"}},{"type":"Feature","geometry":{"type":"Point","coordinates":[-45.07148692417038,23.735781552542004]},"properties":{"Biome":"Tropical seasonal forest","variant":1,"scale":0.914,"icon":"forest-tropical-seasonal-1"}},{"type":"Feature","geometry":{"type":"Point","coordinates":[-48.59433566419022,24.036324185536312]},"properties":{"Biome":"Tropical seasonal forest","variant":1,"scale":0.934,"icon":"forest-tropical-seasonal-1"}},{"type":"Feature","geometry":{"type":"Point","coordinates":[-33.818283511775256,-17.638623239761813]},"properties":{"Biome":"Tropical seasonal forest","variant":1,"scale":0.956,"icon":"forest-tropical-seasonal-1"}},{"type":"Feature","geometry":{"type":"Point","coordinates":[-36.500806749559736,-17.000858113058047]},"properties":{"Biome":"Tropical seasonal forest","variant":0,"scale":0.912,"icon":"forest-tropical-seasonal-0"}},{"type":"Feature","geometry":{"type":"Point","coordinates":[-35.075644459535475,-16.427916799044453]},"properties":{"Biome":"Tropical seasonal forest","variant":0,"scale":1.102,"icon":"forest-tropical-seasonal-0"}},{"type":"Feature","geometry":{"type":"Point","coordinates":[-34.83637699126488,-12.270608833746309]},"properties":{"Biome":"Tropical seasonal forest","variant":2,"scale":1.01,"icon":"forest-tropical-seasonal-2"}},{"type":"Feature","geometry":{"type":"Point","coordinates":[-29.453566346794283,-6.6043397573554845]},"properties":{"Biome":"Tropical seasonal forest","variant":0,"scale":0.904,"icon":"forest-tropical-seasonal-0"}},{"type":"Feature","geometry":{"type":"Point","coordinates":[-11.783759690730756,8.276522767728999]},"properties":{"Biome":"Tropical seasonal forest","variant":0,"scale":0.926,"icon":"forest-tropical-seasonal-0"}},{"type":"Feature","geometry":{"type":"Point","coordinates":[-11.087011420761641,2.5390561117021857]},"properties":{"Biome":"Tropical seasonal forest","variant":2,"scale":1.005,"icon":"forest-tropical-seasonal-2"}},{"type":"Feature","geometry":{"type":"Point","coordinates":[-25.637812968823894,3.3574202036876586]},"properties":{"Biome":"Tropical seasonal forest","variant":2,"scale":1.073,"icon":"forest-tropical-seasonal-2"}},{"type":"Feature","geometry":{"type":"Point","coordinates":[-29.879697606118647,-1.590106159088416]},"properties":{"Biome":"Tropical seasonal forest","variant":2,"scale":0.992,"icon":"forest-tropical-seasonal-2"}},{"type":"Feature","geometry":{"type":"Point","coordinates":[-18.408030035693734,-7.96631469921333]},"properties":{"Biome":"Tropical seasonal forest","variant":0,"scale":1.001,"icon":"forest-tropical-seasonal-0"}},{"type":"Feature","geometry":{"type":"Point","coordinates":[-24.48900129746298,-13.975252648868668]},"properties":{"Biome":"Tropical seasonal forest","variant":1,"scale":0.973,"icon":"forest-tropical-seasonal-1"}},{"type":"Feature","geometry":{"type":"Point","coordinates":[-27.460001898631482,1.3029905089572305]},"properties":{"Biome":"Tropical seasonal forest","variant":0,"scale":0.95,"icon":"forest-tropical-seasonal-0"}},{"type":"Feature","geometry":{"type":"Point","coordinates":[-28.890264090529303,0.02379395251775203]},"properties":{"Biome":"Tropical seasonal forest","variant":2,"scale":1.075,"icon":"forest-tropical-seasonal-2"}},{"type":"Feature","geometry":{"type":"Point","coordinates":[-23.44224780603559,-13.401964751084328]},"properties":{"Biome":"Tropical seasonal forest","variant":0,"scale":0.995,"icon":"forest-tropical-seasonal-0"}},{"type":"Feature","geometry":{"type":"Point","coordinates":[-10.244250427932002,7.722175535724816]},"properties":{"Biome":"Tropical seasonal forest","variant":1,"scale":1.119,"icon":"forest-tropical-seasonal-1"}},{"type":"Feature","geometry":{"type":"Point","coordinates":[-20.484095611065623,-8.975890840387766]},"properties":{"Biome":"Tropical seasonal forest","variant":1,"scale":1.116,"icon":"forest-tropical-seasonal-1"}},{"type":"Feature","geometry":{"type":"Point","coordinates":[-30.591360724753905,-1.0615686493732919]},"properties":{"Biome":"Tropical seasonal forest","variant":2,"scale":1.021,"icon":"forest-tropical-seasonal-2"}},{"type":"Feature","geometry":{"type":"Point","coordinates":[-28.67254772203869,-2.6120814177883664]},"properties":{"Biome":"Tropical seasonal forest","variant":1,"scale":1.025,"icon":"forest-tropical-seasonal-1"}},{"type":"Feature","geometry":{"type":"Point","coordinates":[-25.787772752543848,1.9873913544824298]},"properties":{"Biome":"Tropical seasonal forest","variant":0,"scale":1.05,"icon":"forest-tropical-seasonal-0"}},{"type":"Feature","geometry":{"type":"Point","coordinates":[-18.763104465603746,-7.991219910229292]},"properties":{"Biome":"Tropical seasonal forest","variant":0,"scale":1.117,"icon":"forest-tropical-seasonal-0"}},{"type":"Feature","geometry":{"type":"Point","coordinates":[-12.735245463602345,7.526946141109324]},"properties":{"Biome":"Tropical seasonal forest","variant":0,"scale":1.069,"icon":"forest-tropical-seasonal-0"}},{"type":"Feature","geometry":{"type":"Point","coordinates":[-27.00551785545972,2.726901306874599]},"properties":{"Biome":"Tropical seasonal forest","variant":0,"scale":0.949,"icon":"forest-tropical-seasonal-0"}},{"type":"Feature","geometry":{"type":"Point","coordinates":[-28.218632000697404,1.4770675791265717]},"properties":{"Biome":"Tropical seasonal forest","variant":0,"scale":1.091,"icon":"forest-tropical-seasonal-0"}},{"type":"Feature","geometry":{"type":"Point","coordinates":[-23.108364692965406,-3.7353466686583716]},"properties":{"Biome":"Tropical seasonal forest","variant":0,"scale":0.986,"icon":"forest-tropical-seasonal-0"}},{"type":"Feature","geometry":{"type":"Point","coordinates":[-21.008745666630848,-5.0511012992971756]},"properties":{"Biome":"Tropical seasonal forest","variant":2,"scale":0.908,"icon":"forest-tropical-seasonal-2"}},{"type":"Feature","geometry":{"type":"Point","coordinates":[-17.269786223255355,1.4366065892997444]},"properties":{"Biome":"Tropical seasonal forest","variant":1,"scale":1.085,"icon":"forest-tropical-seasonal-1"}},{"type":"Feature","geometry":{"type":"Point","coordinates":[-21.568724127668748,-6.666305409291458]},"properties":{"Biome":"Tropical seasonal forest","variant":1,"scale":1.075,"icon":"forest-tropical-seasonal-1"}},{"type":"Feature","geometry":{"type":"Point","coordinates":[-23.271280351286514,-9.573886146756678]},"properties":{"Biome":"Tropical seasonal forest","variant":0,"scale":1.026,"icon":"forest-tropical-seasonal-0"}},{"type":"Feature","geometry":{"type":"Point","coordinates":[-11.805274804014358,6.615963922866844]},"properties":{"Biome":"Tropical seasonal forest","variant":0,"scale":0.899,"icon":"forest-tropical-seasonal-0"}},{"type":"Feature","geometry":{"type":"Point","coordinates":[-20.732675133204765,8.666278882490566]},"properties":{"Biome":"Tropical seasonal forest","variant":1,"scale":0.945,"icon":"forest-tropical-seasonal-1"}},{"type":"Feature","geometry":{"type":"Point","coordinates":[-22.113594835008346,-8.050087980957505]},"properties":{"Biome":"Tropical seasonal forest","variant":0,"scale":1.04,"icon":"forest-tropical-seasonal-0"}},{"type":"Feature","geometry":{"type":"Point","coordinates":[-25.497819025327995,3.731052096198214]},"properties":{"Biome":"Tropical seasonal forest","variant":0,"scale":1.069,"icon":"forest-tropical-seasonal-0"}},{"type":"Feature","geometry":{"type":"Point","coordinates":[-18.31369465997918,1.6372101713250067]},"properties":{"Biome":"Tropical seasonal forest","variant":1,"scale":1.016,"icon":"forest-tropical-seasonal-1"}},{"type":"Feature","geometry":{"type":"Point","coordinates":[-24.753212328334563,5.629621337731144]},"properties":{"Biome":"Tropical seasonal forest","variant":1,"scale":1.109,"icon":"forest-tropical-seasonal-1"}},{"type":"Feature","geometry":{"type":"Point","coordinates":[-28.492899576802138,-2.8681286961692463]},"properties":{"Biome":"Tropical seasonal forest","variant":0,"scale":0.972,"icon":"forest-tropical-seasonal-0"}},{"type":"Feature","geometry":{"type":"Point","coordinates":[-24.894792199955408,2.715339860700845]},"properties":{"Biome":"Tropical seasonal forest","variant":2,"scale":0.919,"icon":"forest-tropical-seasonal-2"}},{"type":"Feature","geometry":{"type":"Point","coordinates":[-13.108842451099871,1.0740093588525153]},"properties":{"Biome":"Tropical seasonal forest","variant":2,"scale":1.07,"icon":"forest-tropical-seasonal-2"}},{"type":"Feature","geometry":{"type":"Point","coordinates":[-16.923569689154668,-4.91973324950486]},"properties":{"Biome":"Tropical seasonal forest","variant":0,"scale":1.05,"icon":"forest-tropical-seasonal-0"}},{"type":"Feature","geometry":{"type":"Point","coordinates":[-21.047854413570235,-12.383403096018098]},"properties":{"Biome":"Tropical seasonal forest","variant":2,"scale":1.071,"icon":"forest-tropical-seasonal-2"}},{"type":"Feature","geometry":{"type":"Point","coordinates":[-20.93644557596238,-11.311651864112847]},"properties":{"Biome":"Tropical seasonal forest","variant":0,"scale":1.1,"icon":"forest-tropical-seasonal-0"}},{"type":"Feature","geometry":{"type":"Point","coordinates":[-24.693336714605696,-15.023494474720712]},"properties":{"Biome":"Tropical seasonal forest","variant":0,"scale":1.017,"icon":"forest-tropical-seasonal-0"}},{"type":"Feature","geometry":{"type":"Point","coordinates":[-23.851507380225936,0.19894987805822292]},"properties":{"Biome":"Tropical seasonal forest","variant":1,"scale":0.903,"icon":"forest-tropical-seasonal-1"}},{"type":"Feature","geometry":{"type":"Point","coordinates":[-28.012329303778156,1.3095234724915825]},"properties":{"Biome":"Tropical seasonal forest","variant":0,"scale":0.912,"icon":"forest-tropical-seasonal-0"}},{"type":"Feature","geometry":{"type":"Point","coordinates":[-18.9309892960905,-5.128726169221885]},"properties":{"Biome":"Tropical seasonal forest","variant":1,"scale":1.063,"icon":"forest-tropical-seasonal-1"}},{"type":"Feature","geometry":{"type":"Point","coordinates":[-12.77085763856748,0.5081082700031315]},"properties":{"Biome":"Tropical seasonal forest","variant":1,"scale":1.08,"icon":"forest-tropical-seasonal-1"}},{"type":"Feature","geometry":{"type":"Point","coordinates":[-23.28594928259588,-10.743276017070073]},"properties":{"Biome":"Tropical seasonal forest","variant":1,"scale":0.945,"icon":"forest-tropical-seasonal-1"}},{"type":"Feature","geometry":{"type":"Point","coordinates":[-22.57451889077885,-4.823690144903078]},"properties":{"Biome":"Tropical seasonal forest","variant":2,"scale":0.974,"icon":"forest-tropical-seasonal-2"}},{"type":"Feature","geometry":{"type":"Point","coordinates":[-18.589134221126546,-7.234847955014767]},"properties":{"Biome":"Tropical seasonal forest","variant":1,"scale":1.064,"icon":"forest-tropical-seasonal-1"}},{"type":"Feature","geometry":{"type":"Point","coordinates":[-20.769360970227638,-10.575035632572918]},"properties":{"Biome":"Tropical seasonal forest","variant":2,"scale":1.099,"icon":"forest-tropical-seasonal-2"}},{"type":"Feature","geometry":{"type":"Point","coordinates":[-25.237866291079207,1.520750582614488]},"properties":{"Biome":"Tropical seasonal forest","variant":2,"scale":1.08,"icon":"forest-tropical-seasonal-2"}},{"type":"Feature","geometry":{"type":"Point","coordinates":[-10.903802506487668,5.943204528438004]},"properties":{"Biome":"Tropical seasonal forest","variant":0,"scale":0.953,"icon":"forest-tropical-seasonal-0"}},{"type":"Feature","geometry":{"type":"Point","coordinates":[-24.230298989045405,-14.4912668891447]},"properties":{"Biome":"Tropical seasonal forest","variant":0,"scale":1.017,"icon":"forest-tropical-seasonal-0"}},{"type":"Feature","geometry":{"type":"Point","coordinates":[-12.180780254825734,7.615940989937046]},"properties":{"Biome":"Tropical seasonal forest","variant":1,"scale":0.89,"icon":"forest-tropical-seasonal-1"}},{"type":"Feature","geometry":{"type":"Point","coordinates":[-28.518457211046197,-0.8154542897634423]},"properties":{"Biome":"Tropical seasonal forest","variant":0,"scale":0.905,"icon":"forest-tropical-seasonal-0"}},{"type":"Feature","geometry":{"type":"Point","coordinates":[-17.117788403430968,-7.133528292203486]},"properties":{"Biome":"Tropical seasonal forest","variant":1,"scale":0.975,"icon":"forest-tropical-seasonal-1"}},{"type":"Feature","geometry":{"type":"Point","coordinates":[-29.510578226356863,-0.5037947312253692]},"properties":{"Biome":"Tropical seasonal forest","variant":2,"scale":1.016,"icon":"forest-tropical-seasonal-2"}},{"type":"Feature","geometry":{"type":"Point","coordinates":[-22.890479945906737,-14.656580966212916]},"properties":{"Biome":"Tropical seasonal forest","variant":1,"scale":1.094,"icon":"forest-tropical-seasonal-1"}},{"type":"Feature","geometry":{"type":"Point","coordinates":[-28.573507617279404,-4.167303702231881]},"properties":{"Biome":"Tropical seasonal forest","variant":2,"scale":1.073,"icon":"forest-tropical-seasonal-2"}},{"type":"Feature","geometry":{"type":"Point","coordinates":[-21.641947829306176,-14.583943131519746]},"properties":{"Biome":"Tropical seasonal forest","variant":2,"scale":1.033,"icon":"forest-tropical-seasonal-2"}},{"type":"Feature","geometry":{"type":"Point","coordinates":[-23.82327738928503,-3.092111910858093]},"properties":{"Biome":"Tropical seasonal forest","variant":1,"scale":0.9,"icon":"forest-tropical-seasonal-1"}},{"type":"Feature","geometry":{"type":"Point","coordinates":[-24.27546090253433,0.2565948896692372]},"properties":{"Biome":"Tropical seasonal forest","variant":1,"scale":0.911,"icon":"forest-tropical-seasonal-1"}},{"type":"Feature","geometry":{"type":"Point","coordinates":[-24.447400113051938,-17.477119798438515]},"properties":{"Biome":"Tropical seasonal forest","variant":0,"scale":0.908,"icon":"forest-tropical-seasonal-0"}},{"type":"Feature","geometry":{"type":"Point","coordinates":[-23.16307139049567,-12.519658121768417]},"properties":{"Biome":"Tropical seasonal forest","variant":1,"scale":0.907,"icon":"forest-tropical-seasonal-1"}},{"type":"Feature","geometry":{"type":"Point","coordinates":[-10.38860544735944,6.869962311187982]},"properties":{"Biome":"Tropical seasonal forest","variant":2,"scale":0.973,"icon":"forest-tropical-seasonal-2"}},{"type":"Feature","geometry":{"type":"Point","coordinates":[-18.88809735955814,8.629425655542546]},"properties":{"Biome":"Tropical seasonal forest","variant":0,"scale":1.048,"icon":"forest-tropical-seasonal-0"}},{"type":"Feature","geometry":{"type":"Point","coordinates":[-19.40817946450314,8.819956136869267]},"properties":{"Biome":"Tropical seasonal forest","variant":0,"scale":1.113,"icon":"forest-tropical-seasonal-0"}},{"type":"Feature","geometry":{"type":"Point","coordinates":[-23.242473186925217,5.6481230954975965]},"properties":{"Biome":"Tropical seasonal forest","variant":0,"scale":0.995,"icon":"forest-tropical-seasonal-0"}},{"type":"Feature","geometry":{"type":"Point","coordinates":[-26.54739495860403,-15.67539569941078]},"properties":{"Biome":"Tropical seasonal forest","variant":1,"scale":1.071,"icon":"forest-tropical-seasonal-1"}},{"type":"Feature","geometry":{"type":"Point","coordinates":[-23.29214789922487,0.9907254661723677]},"properties":{"Biome":"Tropical seasonal forest","variant":0,"scale":0.909,"icon":"forest-tropical-seasonal-0"}},{"type":"Feature","geometry":{"type":"Point","coordinates":[-25.922470994129,-2.303826162949396]},"properties":{"Biome":"Tropical seasonal forest","variant":1,"scale":0.976,"icon":"forest-tropical-seasonal-1"}},{"type":"Feature","geometry":{"type":"Point","coordinates":[-18.469013259596025,-5.786490173321599]},"properties":{"Biome":"Tropical seasonal forest","variant":0,"scale":1.003,"icon":"forest-tropical-seasonal-0"}},{"type":"Feature","geometry":{"type":"Point","coordinates":[-23.389537181772678,-11.761042923656618]},"properties":{"Biome":"Tropical seasonal forest","variant":1,"scale":1.088,"icon":"forest-tropical-seasonal-1"}},{"type":"Feature","geometry":{"type":"Point","coordinates":[-18.823930567224522,-5.254177418940315]},"properties":{"Biome":"Tropical seasonal forest","variant":1,"scale":1.07,"icon":"forest-tropical-seasonal-1"}},{"type":"Feature","geometry":{"type":"Point","coordinates":[-26.62827577493433,-0.4916148490750115]},"properties":{"Biome":"Tropical seasonal forest","variant":0,"scale":0.89,"icon":"forest-tropical-seasonal-0"}},{"type":"Feature","geometry":{"type":"Point","coordinates":[-28.66552109747116,0.15155816038102465]},"properties":{"Biome":"Tropical seasonal forest","variant":1,"scale":1.048,"icon":"forest-tropical-seasonal-1"}},{"type":"Feature","geometry":{"type":"Point","coordinates":[-24.032437787255326,4.608562812880567]},"properties":{"Biome":"Tropical seasonal forest","variant":0,"scale":0.963,"icon":"forest-tropical-seasonal-0"}},{"type":"Feature","geometry":{"type":"Point","coordinates":[-20.804047795848874,1.185794300250425]},"properties":{"Biome":"Tropical seasonal forest","variant":0,"scale":1.023,"icon":"forest-tropical-seasonal-0"}},{"type":"Feature","geometry":{"type":"Point","coordinates":[-29.05449384937768,1.2241473961139424]},"properties":{"Biome":"Tropical seasonal forest","variant":2,"scale":1.079,"icon":"forest-tropical-seasonal-2"}},{"type":"Feature","geometry":{"type":"Point","coordinates":[-27.961875767723672,0.6120577960185458]},"properties":{"Biome":"Tropical seasonal forest","variant":1,"scale":0.99,"icon":"forest-tropical-seasonal-1"}},{"type":"Feature","geometry":{"type":"Point","coordinates":[-29.334462747954472,-2.0259447509572452]},"properties":{"Biome":"Tropical seasonal forest","variant":1,"scale":1.119,"icon":"forest-tropical-seasonal-1"}},{"type":"Feature","geometry":{"type":"Point","coordinates":[-18.952267401577622,-5.25733111522391]},"properties":{"Biome":"Tropical seasonal forest","variant":2,"scale":1.072,"icon":"forest-tropical-seasonal-2"}},{"type":"Feature","geometry":{"type":"Point","coordinates":[-19.19145931492395,-8.324602303888666]},"properties":{"Biome":"Tropical seasonal forest","variant":2,"scale":1.069,"icon":"forest-tropical-seasonal-2"}},{"type":"Feature","geometry":{"type":"Point","coordinates":[-25.344127511412914,5.283458267248713]},"properties":{"Biome":"Tropical seasonal forest","variant":0,"scale":0.913,"icon":"forest-tropical-seasonal-0"}},{"type":"Feature","geometry":{"type":"Point","coordinates":[-23.058783704818474,5.995519920756396]},"properties":{"Biome":"Tropical seasonal forest","variant":2,"scale":0.954,"icon":"forest-tropical-seasonal-2"}},{"type":"Feature","geometry":{"type":"Point","coordinates":[-16.835828245468175,-5.026109993793389]},"properties":{"Biome":"Tropical seasonal forest","variant":1,"scale":1.022,"icon":"forest-tropical-seasonal-1"}},{"type":"Feature","geometry":{"type":"Point","coordinates":[-29.551486096257076,4.675337739204245]},"properties":{"Biome":"Tropical seasonal forest","variant":1,"scale":1.056,"icon":"forest-tropical-seasonal-1"}},{"type":"Feature","geometry":{"type":"Point","coordinates":[-33.194948647612414,22.921266490022454]},"properties":{"Biome":"Tropical seasonal forest","variant":0,"scale":0.96,"icon":"forest-tropical-seasonal-0"}},{"type":"Feature","geometry":{"type":"Point","coordinates":[-30.705709961992664,24.66474204903581]},"properties":{"Biome":"Tropical seasonal forest","variant":1,"scale":1.087,"icon":"forest-tropical-seasonal-1"}},{"type":"Feature","geometry":{"type":"Point","coordinates":[-39.11864579928494,26.30416710323001]},"properties":{"Biome":"Tropical seasonal forest","variant":0,"scale":0.91,"icon":"forest-tropical-seasonal-0"}},{"type":"Feature","geometry":{"type":"Point","coordinates":[-34.817931583124164,28.32468816982482]},"properties":{"Biome":"Tropical seasonal forest","variant":2,"scale":0.982,"icon":"forest-tropical-seasonal-2"}},{"type":"Feature","geometry":{"type":"Point","coordinates":[-36.61257590514975,28.568380873719704]},"properties":{"Biome":"Tropical seasonal forest","variant":2,"scale":1.055,"icon":"forest-tropical-seasonal-2"}},{"type":"Feature","geometry":{"type":"Point","coordinates":[-26.190753127240264,-9.224799748111858]},"properties":{"Biome":"Tropical seasonal forest","variant":1,"scale":0.968,"icon":"forest-tropical-seasonal-1"}},{"type":"Feature","geometry":{"type":"Point","coordinates":[-26.167888500523866,-8.382479569293363]},"properties":{"Biome":"Tropical seasonal forest","variant":0,"scale":1.061,"icon":"forest-tropical-seasonal-0"}},{"type":"Feature","geometry":{"type":"Point","coordinates":[-26.439305137239643,-6.802132372246819]},"properties":{"Biome":"Tropical seasonal forest","variant":0,"scale":0.983,"icon":"forest-tropical-seasonal-0"}},{"type":"Feature","geometry":{"type":"Point","coordinates":[-27.46030990916779,22.576914891097484]},"properties":{"Biome":"Tropical seasonal forest","variant":1,"scale":1.046,"icon":"forest-tropical-seasonal-1"}},{"type":"Feature","geometry":{"type":"Point","coordinates":[-28.03646250995751,24.47918715825213]},"properties":{"Biome":"Tropical seasonal forest","variant":0,"scale":1.12,"icon":"forest-tropical-seasonal-0"}},{"type":"Feature","geometry":{"type":"Point","coordinates":[-22.809588953556105,12.686779144484218]},"properties":{"Biome":"Tropical seasonal forest","variant":1,"scale":1.041,"icon":"forest-tropical-seasonal-1"}},{"type":"Feature","geometry":{"type":"Point","coordinates":[-25.455023052373704,21.91568854860329]},"properties":{"Biome":"Tropical seasonal forest","variant":0,"scale":0.943,"icon":"forest-tropical-seasonal-0"}},{"type":"Feature","geometry":{"type":"Point","coordinates":[-24.01482636152569,23.261079272608427]},"properties":{"Biome":"Tropical seasonal forest","variant":1,"scale":0.988,"icon":"forest-tropical-seasonal-1"}},{"type":"Feature","geometry":{"type":"Point","coordinates":[-23.268433671377963,8.774192126832443]},"properties":{"Biome":"Tropical seasonal forest","variant":2,"scale":1.018,"icon":"forest-tropical-seasonal-2"}},{"type":"Feature","geometry":{"type":"Point","coordinates":[-17.511938406396908,15.440819255578017]},"properties":{"Biome":"Tropical seasonal forest","variant":1,"scale":1.083,"icon":"forest-tropical-seasonal-1"}},{"type":"Feature","geometry":{"type":"Point","coordinates":[-18.844614730679464,14.121584267218738]},"properties":{"Biome":"Tropical seasonal forest","variant":2,"scale":1.107,"icon":"forest-tropical-seasonal-2"}},{"type":"Feature","geometry":{"type":"Point","coordinates":[-18.645331808442442,14.211345169896068]},"properties":{"Biome":"Tropical seasonal forest","variant":1,"scale":0.917,"icon":"forest-tropical-seasonal-1"}},{"type":"Feature","geometry":{"type":"Point","coordinates":[-17.85220385494821,12.707019132027362]},"properties":{"Biome":"Tropical seasonal forest","variant":2,"scale":1.091,"icon":"forest-tropical-seasonal-2"}},{"type":"Feature","geometry":{"type":"Point","coordinates":[-19.055016047455137,15.50570985357312]},"properties":{"Biome":"Tropical seasonal forest","variant":1,"scale":1.107,"icon":"forest-tropical-seasonal-1"}},{"type":"Feature","geometry":{"type":"Point","coordinates":[-20.037017844659015,19.612474692370835]},"properties":{"Biome":"Tropical seasonal forest","variant":2,"scale":1.023,"icon":"forest-tropical-seasonal-2"}},{"type":"Feature","geometry":{"type":"Point","coordinates":[-19.552183485518302,19.934825954033773]},"properties":{"Biome":"Tropical seasonal forest","variant":2,"scale":0.978,"icon":"forest-tropical-seasonal-2"}},{"type":"Feature","geometry":{"type":"Point","coordinates":[-14.478863843169716,10.83562450583574]},"properties":{"Biome":"Tropical seasonal forest","variant":0,"scale":0.988,"icon":"forest-tropical-seasonal-0"}},{"type":"Feature","geometry":{"type":"Point","coordinates":[-12.49853042890389,11.166372376587484]},"properties":{"Biome":"Tropical seasonal forest","variant":0,"scale":0.998,"icon":"forest-tropical-seasonal-0"}},{"type":"Feature","geometry":{"type":"Point","coordinates":[-11.93634439637756,9.889540404530278]},"properties":{"Biome":"Tropical seasonal forest","variant":0,"scale":1.095,"icon":"forest-tropical-seasonal-0"}},{"type":"Feature","geometry":{"type":"Point","coordinates":[-15.578199660052002,14.286562819466804]},"properties":{"Biome":"Tropical seasonal forest","variant":1,"scale":1.074,"icon":"forest-tropical-seasonal-1"}},{"type":"Feature","geometry":{"type":"Point","coordinates":[-16.40908461050743,16.995289174594763]},"properties":{"Biome":"Tropical seasonal forest","variant":0,"scale":0.979,"icon":"forest-tropical-seasonal-0"}},{"type":"Feature","geometry":{"type":"Point","coordinates":[30.44964794162278,4.253251837164442]},"properties":{"Biome":"Tropical seasonal forest","variant":1,"scale":1.021,"icon":"forest-tropical-seasonal-1"}},{"type":"Feature","geometry":{"type":"Point","coordinates":[29.28265424911629,4.695162523306338]},"properties":{"Biome":"Tropical seasonal forest","variant":1,"scale":0.966,"icon":"forest-tropical-seasonal-1"}},{"type":"Feature","geometry":{"type":"Point","coordinates":[25.974627424738426,5.1897524476508305]},"properties":{"Biome":"Tropical seasonal forest","variant":2,"scale":1.098,"icon":"forest-tropical-seasonal-2"}},{"type":"Feature","geometry":{"type":"Point","coordinates":[27.802571458075594,5.249816502987951]},"properties":{"Biome":"Tropical seasonal forest","variant":1,"scale":1.044,"icon":"forest-tropical-seasonal-1"}},{"type":"Feature","geometry":{"type":"Point","coordinates":[24.803809579019543,6.356845367706464]},"properties":{"Biome":"Tropical seasonal forest","variant":0,"scale":1.067,"icon":"forest-tropical-seasonal-0"}},{"type":"Feature","geometry":{"type":"Point","coordinates":[27.06954331022642,7.356697951827936]},"properties":{"Biome":"Tropical seasonal forest","variant":0,"scale":0.942,"icon":"forest-tropical-seasonal-0"}},{"type":"Feature","geometry":{"type":"Point","coordinates":[34.247259576686815,5.753252014174942]},"properties":{"Biome":"Tropical seasonal forest","variant":1,"scale":1.114,"icon":"forest-tropical-seasonal-1"}},{"type":"Feature","geometry":{"type":"Point","coordinates":[29.666704898337773,7.744495278459568]},"properties":{"Biome":"Tropical seasonal forest","variant":0,"scale":0.919,"icon":"forest-tropical-seasonal-0"}},{"type":"Feature","geometry":{"type":"Point","coordinates":[28.650591407975323,7.173877856913201]},"properties":{"Biome":"Tropical seasonal forest","variant":2,"scale":0.964,"icon":"forest-tropical-seasonal-2"}},{"type":"Feature","geometry":{"type":"Point","coordinates":[33.297225165806466,8.235868056442321]},"properties":{"Biome":"Tropical seasonal forest","variant":0,"scale":0.961,"icon":"forest-tropical-seasonal-0"}},{"type":"Feature","geometry":{"type":"Point","coordinates":[29.157764447324528,9.295176110280165]},"properties":{"Biome":"Tropical seasonal forest","variant":1,"scale":0.938,"icon":"forest-tropical-seasonal-1"}},{"type":"Feature","geometry":{"type":"Point","coordinates":[31.276382663379913,9.259356550871908]},"properties":{"Biome":"Tropical seasonal forest","variant":1,"scale":0.89,"icon":"forest-tropical-seasonal-1"}},{"type":"Feature","geometry":{"type":"Point","coordinates":[29.326100227283785,10.123102450813082]},"properties":{"Biome":"Tropical seasonal forest","variant":2,"scale":1.074,"icon":"forest-tropical-seasonal-2"}},{"type":"Feature","geometry":{"type":"Point","coordinates":[22.570286850401207,10.693529773368313]},"properties":{"Biome":"Tropical seasonal forest","variant":2,"scale":0.974,"icon":"forest-tropical-seasonal-2"}},{"type":"Feature","geometry":{"type":"Point","coordinates":[39.79894451284824,-16.96238730734815]},"properties":{"Biome":"Tropical seasonal forest","variant":0,"scale":1.055,"icon":"forest-tropical-seasonal-0"}},{"type":"Feature","geometry":{"type":"Point","coordinates":[41.14436132400426,-15.789143846583737]},"properties":{"Biome":"Tropical seasonal forest","variant":0,"scale":1.069,"icon":"forest-tropical-seasonal-0"}},{"type":"Feature","geometry":{"type":"Point","coordinates":[41.34585839041566,-14.92755374645984]},"properties":{"Biome":"Tropical seasonal forest","variant":1,"scale":0.926,"icon":"forest-tropical-seasonal-1"}},{"type":"Feature","geometry":{"type":"Point","coordinates":[41.161420908516625,-9.415485602305466]},"properties":{"Biome":"Tropical seasonal forest","variant":0,"scale":1.1,"icon":"forest-tropical-seasonal-0"}},{"type":"Feature","geometry":{"type":"Point","coordinates":[40.88476005907954,-6.9899091978873775]},"properties":{"Biome":"Tropical seasonal forest","variant":2,"scale":0.967,"icon":"forest-tropical-seasonal-2"}},{"type":"Feature","geometry":{"type":"Point","coordinates":[39.82482672345798,-5.07776322143072]},"properties":{"Biome":"Tropical seasonal forest","variant":1,"scale":1.097,"icon":"forest-tropical-seasonal-1"}},{"type":"Feature","geometry":{"type":"Point","coordinates":[39.59716286927701,-3.253554048481539]},"properties":{"Biome":"Tropical seasonal forest","variant":2,"scale":1.094,"icon":"forest-tropical-seasonal-2"}},{"type":"Feature","geometry":{"type":"Point","coordinates":[43.12225610806605,-1.17375255409022]},"properties":{"Biome":"Tropical seasonal forest","variant":2,"scale":1.033,"icon":"forest-tropical-seasonal-2"}},{"type":"Feature","geometry":{"type":"Point","coordinates":[43.860034021126744,-1.4161669541830428]},"properties":{"Biome":"Tropical seasonal forest","variant":2,"scale":0.993,"icon":"forest-tropical-seasonal-2"}},{"type":"Feature","geometry":{"type":"Point","coordinates":[35.14079595836115,5.4856627697246365]},"properties":{"Biome":"Tropical seasonal forest","variant":0,"scale":1.044,"icon":"forest-tropical-seasonal-0"}},{"type":"Feature","geometry":{"type":"Point","coordinates":[52.65847209949186,5.075333258065688]},"properties":{"Biome":"Tropical seasonal forest","variant":1,"scale":0.933,"icon":"forest-tropical-seasonal-1"}},{"type":"Feature","geometry":{"type":"Point","coordinates":[51.41833916856924,5.495264124013823]},"properties":{"Biome":"Tropical seasonal forest","variant":2,"scale":0.894,"icon":"forest-tropical-seasonal-2"}},{"type":"Feature","geometry":{"type":"Point","coordinates":[49.396248024140725,6.092157661323008]},"properties":{"Biome":"Tropical seasonal forest","variant":1,"scale":1.111,"icon":"forest-tropical-seasonal-1"}},{"type":"Feature","geometry":{"type":"Point","coordinates":[40.497238392590226,6.93615930920337]},"properties":{"Biome":"Tropical seasonal forest","variant":2,"scale":0.935,"icon":"forest-tropical-seasonal-2"}},{"type":"Feature","geometry":{"type":"Point","coordinates":[46.87584314553305,6.985814931051434]},"properties":{"Biome":"Tropical seasonal forest","variant":0,"scale":0.882,"icon":"forest-tropical-seasonal-0"}},{"type":"Feature","geometry":{"type":"Point","coordinates":[35.130697717325205,7.080380350666575]},"properties":{"Biome":"Tropical seasonal forest","variant":2,"scale":1.055,"icon":"forest-tropical-seasonal-2"}},{"type":"Feature","geometry":{"type":"Point","coordinates":[44.69143401956656,7.95729347143351]},"properties":{"Biome":"Tropical seasonal forest","variant":2,"scale":1.024,"icon":"forest-tropical-seasonal-2"}},{"type":"Feature","geometry":{"type":"Point","coordinates":[42.43377919532208,7.544298900360476]},"properties":{"Biome":"Tropical seasonal forest","variant":0,"scale":1.006,"icon":"forest-tropical-seasonal-0"}},{"type":"Feature","geometry":{"type":"Point","coordinates":[36.64891007328742,8.054093255756388]},"properties":{"Biome":"Tropical seasonal forest","variant":2,"scale":0.94,"icon":"forest-tropical-seasonal-2"}},{"type":"Feature","geometry":{"type":"Point","coordinates":[37.85031848625985,9.058841763693549]},"properties":{"Biome":"Tropical seasonal forest","variant":0,"scale":1.011,"icon":"forest-tropical-seasonal-0"}},{"type":"Feature","geometry":{"type":"Point","coordinates":[42.71542631500992,9.917948087367042]},"properties":{"Biome":"Tropical seasonal forest","variant":1,"scale":1.112,"icon":"forest-tropical-seasonal-1"}},{"type":"Feature","geometry":{"type":"Point","coordinates":[36.59312274504897,9.814889686677846]},"properties":{"Biome":"Tropical seasonal forest","variant":2,"scale":1.061,"icon":"forest-tropical-seasonal-2"}},{"type":"Feature","geometry":{"type":"Point","coordinates":[46.74233856326726,10.383722335680858]},"properties":{"Biome":"Tropical seasonal forest","variant":1,"scale":1.081,"icon":"forest-tropical-seasonal-1"}},{"type":"Feature","geometry":{"type":"Point","coordinates":[40.23840591242953,10.425286418421218]},"properties":{"Biome":"Tropical seasonal forest","variant":0,"scale":0.926,"icon":"forest-tropical-seasonal-0"}},{"type":"Feature","geometry":{"type":"Point","coordinates":[45.158702498576396,10.4317221851124]},"properties":{"Biome":"Tropical seasonal forest","variant":2,"scale":1.06,"icon":"forest-tropical-seasonal-2"}},{"type":"Feature","geometry":{"type":"Point","coordinates":[50.019931673507095,10.443569950090378]},"properties":{"Biome":"Tropical seasonal forest","variant":0,"scale":1.089,"icon":"forest-tropical-seasonal-0"}},{"type":"Feature","geometry":{"type":"Point","coordinates":[50.78647951783468,17.129325027168388]},"properties":{"Biome":"Tropical seasonal forest","variant":0,"scale":0.99,"icon":"forest-tropical-seasonal-0"}},{"type":"Feature","geometry":{"type":"Point","coordinates":[41.23008509440352,19.035374571255947]},"properties":{"Biome":"Tropical seasonal forest","variant":1,"scale":0.989,"icon":"forest-tropical-seasonal-1"}},{"type":"Feature","geometry":{"type":"Point","coordinates":[50.30725430493076,18.72773451997149]},"properties":{"Biome":"Tropical seasonal forest","variant":2,"scale":1.117,"icon":"forest-tropical-seasonal-2"}},{"type":"Feature","geometry":{"type":"Point","coordinates":[48.393073420046825,19.115767479983145]},"properties":{"Biome":"Tropical seasonal forest","variant":0,"scale":0.91,"icon":"forest-tropical-seasonal-0"}},{"type":"Feature","geometry":{"type":"Point","coordinates":[46.371035244867485,19.782512866727913]},"properties":{"Biome":"Tropical seasonal forest","variant":0,"scale":1.033,"icon":"forest-tropical-seasonal-0"}},{"type":"Feature","geometry":{"type":"Point","coordinates":[50.152927534807596,20.391115779412587]},"properties":{"Biome":"Tropical seasonal forest","variant":1,"scale":1.103,"icon":"forest-tropical-seasonal-1"}},{"type":"Feature","geometry":{"type":"Point","coordinates":[76.19503115689913,-12.018561188700945]},"properties":{"Biome":"Tropical seasonal forest","variant":0,"scale":1.004,"icon":"forest-tropical-seasonal-0"}},{"type":"Feature","geometry":{"type":"Point","coordinates":[75.91512216545293,-10.218649772670249]},"properties":{"Biome":"Tropical seasonal forest","variant":0,"scale":0.917,"icon":"forest-tropical-seasonal-0"}},{"type":"Feature","geometry":{"type":"Point","coordinates":[77.19202883817417,-10.011278440182243]},"properties":{"Biome":"Tropical seasonal forest","variant":0,"scale":1.082,"icon":"forest-tropical-seasonal-0"}},{"type":"Feature","geometry":{"type":"Point","coordinates":[75.05255465165239,-8.015836484828986]},"properties":{"Biome":"Tropical seasonal forest","variant":1,"scale":1.082,"icon":"forest-tropical-seasonal-1"}},{"type":"Feature","geometry":{"type":"Point","coordinates":[70.75556140165521,-7.231164206663812]},"properties":{"Biome":"Tropical seasonal forest","variant":1,"scale":1.007,"icon":"forest-tropical-seasonal-1"}},{"type":"Feature","geometry":{"type":"Point","coordinates":[76.56334829626398,-10.161180740016672]},"properties":{"Biome":"Tropical seasonal forest","variant":1,"scale":1.012,"icon":"forest-tropical-seasonal-1"}},{"type":"Feature","geometry":{"type":"Point","coordinates":[79.97691029588191,-16.45426604499104]},"properties":{"Biome":"Tropical seasonal forest","variant":1,"scale":1.034,"icon":"forest-tropical-seasonal-1"}},{"type":"Feature","geometry":{"type":"Point","coordinates":[76.31347859725281,-10.00650726208116]},"properties":{"Biome":"Tropical seasonal forest","variant":1,"scale":0.96,"icon":"forest-tropical-seasonal-1"}},{"type":"Feature","geometry":{"type":"Point","coordinates":[77.40993444333756,-12.450465659017437]},"properties":{"Biome":"Tropical seasonal forest","variant":2,"scale":0.979,"icon":"forest-tropical-seasonal-2"}},{"type":"Feature","geometry":{"type":"Point","coordinates":[70.49222294746549,-6.842558811534741]},"properties":{"Biome":"Tropical seasonal forest","variant":0,"scale":0.89,"icon":"forest-tropical-seasonal-0"}},{"type":"Feature","geometry":{"type":"Point","coordinates":[76.76794808607669,-12.15476541770104]},"properties":{"Biome":"Tropical seasonal forest","variant":0,"scale":1.019,"icon":"forest-tropical-seasonal-0"}},{"type":"Feature","geometry":{"type":"Point","coordinates":[79.87928176994122,-16.40527078871254]},"properties":{"Biome":"Tropical seasonal forest","variant":1,"scale":0.986,"icon":"forest-tropical-seasonal-1"}},{"type":"Feature","geometry":{"type":"Point","coordinates":[75.05250615186877,-10.494427774614005]},"properties":{"Biome":"Tropical seasonal forest","variant":2,"scale":0.995,"icon":"forest-tropical-seasonal-2"}},{"type":"Feature","geometry":{"type":"Point","coordinates":[72.36665021537247,-8.557015550535427]},"properties":{"Biome":"Tropical seasonal forest","variant":2,"scale":1.042,"icon":"forest-tropical-seasonal-2"}},{"type":"Feature","geometry":{"type":"Point","coordinates":[73.14212132972865,-8.150070273388272]},"properties":{"Biome":"Tropical seasonal forest","variant":0,"scale":0.895,"icon":"forest-tropical-seasonal-0"}},{"type":"Feature","geometry":{"type":"Point","coordinates":[75.27695094973215,-11.605151443774055]},"properties":{"Biome":"Tropical seasonal forest","variant":0,"scale":1.078,"icon":"forest-tropical-seasonal-0"}},{"type":"Feature","geometry":{"type":"Point","coordinates":[78.77416891427954,-17.051829107187565]},"properties":{"Biome":"Tropical seasonal forest","variant":1,"scale":1.029,"icon":"forest-tropical-seasonal-1"}},{"type":"Feature","geometry":{"type":"Point","coordinates":[72.262149010024,-7.4486317058195075]},"properties":{"Biome":"Tropical seasonal forest","variant":0,"scale":0.919,"icon":"forest-tropical-seasonal-0"}},{"type":"Feature","geometry":{"type":"Point","coordinates":[77.40607600260248,-17.431797804283526]},"properties":{"Biome":"Tropical seasonal forest","variant":0,"scale":0.988,"icon":"forest-tropical-seasonal-0"}},{"type":"Feature","geometry":{"type":"Point","coordinates":[70.44274191340084,-5.7254256736434535]},"properties":{"Biome":"Tropical seasonal forest","variant":0,"scale":1.104,"icon":"forest-tropical-seasonal-0"}},{"type":"Feature","geometry":{"type":"Point","coordinates":[68.26652603693637,-4.76317688352947]},"properties":{"Biome":"Tropical seasonal forest","variant":0,"scale":1.086,"icon":"forest-tropical-seasonal-0"}},{"type":"Feature","geometry":{"type":"Point","coordinates":[66.02055350998596,2.2398611257159824]},"properties":{"Biome":"Tropical seasonal forest","variant":0,"scale":0.996,"icon":"forest-tropical-seasonal-0"}},{"type":"Feature","geometry":{"type":"Point","coordinates":[60.437561336763736,3.5380982719833387]},"properties":{"Biome":"Tropical seasonal forest","variant":1,"scale":0.919,"icon":"forest-tropical-seasonal-1"}},{"type":"Feature","geometry":{"type":"Point","coordinates":[59.34436974365587,3.88287718694586]},"properties":{"Biome":"Tropical seasonal forest","variant":1,"scale":1.108,"icon":"forest-tropical-seasonal-1"}},{"type":"Feature","geometry":{"type":"Point","coordinates":[74.3237487444794,4.601836053644165]},"properties":{"Biome":"Tropical seasonal forest","variant":0,"scale":1.114,"icon":"forest-tropical-seasonal-0"}},{"type":"Feature","geometry":{"type":"Point","coordinates":[71.7768385156368,4.91285494599031]},"properties":{"Biome":"Tropical seasonal forest","variant":2,"scale":0.916,"icon":"forest-tropical-seasonal-2"}},{"type":"Feature","geometry":{"type":"Point","coordinates":[60.98214155988083,6.768931948196968]},"properties":{"Biome":"Tropical seasonal forest","variant":1,"scale":1.072,"icon":"forest-tropical-seasonal-1"}},{"type":"Feature","geometry":{"type":"Point","coordinates":[56.9110362364042,8.78436888118914]},"properties":{"Biome":"Tropical seasonal forest","variant":0,"scale":0.924,"icon":"forest-tropical-seasonal-0"}},{"type":"Feature","geometry":{"type":"Point","coordinates":[72.6158208878125,9.719387652362059]},"properties":{"Biome":"Tropical seasonal forest","variant":0,"scale":1.119,"icon":"forest-tropical-seasonal-0"}},{"type":"Feature","geometry":{"type":"Point","coordinates":[55.38797183494471,9.554879294147094]},"properties":{"Biome":"Tropical seasonal forest","variant":2,"scale":1.032,"icon":"forest-tropical-seasonal-2"}},{"type":"Feature","geometry":{"type":"Point","coordinates":[53.913419495394486,9.897102923280405]},"properties":{"Biome":"Tropical seasonal forest","variant":0,"scale":0.966,"icon":"forest-tropical-seasonal-0"}},{"type":"Feature","geometry":{"type":"Point","coordinates":[52.731228858510654,10.5310162438666]},"properties":{"Biome":"Tropical seasonal forest","variant":1,"scale":0.998,"icon":"forest-tropical-seasonal-1"}},{"type":"Feature","geometry":{"type":"Point","coordinates":[59.87992066248709,13.368965794458454]},"properties":{"Biome":"Tropical seasonal forest","variant":1,"scale":0.901,"icon":"forest-tropical-seasonal-1"}},{"type":"Feature","geometry":{"type":"Point","coordinates":[59.77347166653899,14.149299144254087]},"properties":{"Biome":"Tropical seasonal forest","variant":0,"scale":0.882,"icon":"forest-tropical-seasonal-0"}},{"type":"Feature","geometry":{"type":"Point","coordinates":[69.19481419047037,16.08258686701142]},"properties":{"Biome":"Tropical seasonal forest","variant":2,"scale":1.112,"icon":"forest-tropical-seasonal-2"}},{"type":"Feature","geometry":{"type":"Point","coordinates":[66.0310824613401,16.470557524352706]},"properties":{"Biome":"Tropical seasonal forest","variant":1,"scale":0.989,"icon":"forest-tropical-seasonal-1"}},{"type":"Feature","geometry":{"type":"Point","coordinates":[62.38380890163394,19.33317613386842]},"properties":{"Biome":"Tropical seasonal forest","variant":1,"scale":0.885,"icon":"forest-tropical-seasonal-1"}},{"type":"Feature","geometry":{"type":"Point","coordinates":[59.753771109679505,17.07891703048959]},"properties":{"Biome":"Tropical seasonal forest","variant":1,"scale":1.047,"icon":"forest-tropical-seasonal-1"}},{"type":"Feature","geometry":{"type":"Point","coordinates":[55.747539468569634,18.73896117269457]},"properties":{"Biome":"Tropical seasonal forest","variant":1,"scale":1.089,"icon":"forest-tropical-seasonal-1"}},{"type":"Feature","geometry":{"type":"Point","coordinates":[53.38224718617508,19.351132475446878]},"properties":{"Biome":"Tropical seasonal forest","variant":0,"scale":0.886,"icon":"forest-tropical-seasonal-0"}},{"type":"Feature","geometry":{"type":"Point","coordinates":[58.96096171002839,20.18799509953029]},"properties":{"Biome":"Tropical seasonal forest","variant":1,"scale":0.981,"icon":"forest-tropical-seasonal-1"}},{"type":"Feature","geometry":{"type":"Point","coordinates":[60.05165558378554,20.45161947906289]},"properties":{"Biome":"Tropical seasonal forest","variant":2,"scale":0.962,"icon":"forest-tropical-seasonal-2"}},{"type":"Feature","geometry":{"type":"Point","coordinates":[55.051904221758264,20.115914647974687]},"properties":{"Biome":"Tropical seasonal forest","variant":0,"scale":1.105,"icon":"forest-tropical-seasonal-0"}},{"type":"Feature","geometry":{"type":"Point","coordinates":[75.00171661081102,1.541346455281487]},"properties":{"Biome":"Tropical seasonal forest","variant":1,"scale":0.984,"icon":"forest-tropical-seasonal-1"}},{"type":"Feature","geometry":{"type":"Point","coordinates":[75.32778602078629,2.6672698347067825]},"properties":{"Biome":"Tropical seasonal forest","variant":2,"scale":1.019,"icon":"forest-tropical-seasonal-2"}},{"type":"Feature","geometry":{"type":"Point","coordinates":[80.45137391702028,3.8851025749327106]},"properties":{"Biome":"Tropical seasonal forest","variant":2,"scale":1.094,"icon":"forest-tropical-seasonal-2"}},{"type":"Feature","geometry":{"type":"Point","coordinates":[80.32211012879074,4.07695443619566]},"properties":{"Biome":"Tropical seasonal forest","variant":2,"scale":0.977,"icon":"forest-tropical-seasonal-2"}},{"type":"Feature","geometry":{"type":"Point","coordinates":[75.7326790032757,6.482891291898321]},"properties":{"Biome":"Tropical seasonal forest","variant":2,"scale":0.916,"icon":"forest-tropical-seasonal-2"}},{"type":"Feature","geometry":{"type":"Point","coordinates":[74.0094745019894,5.62302087539243]},"properties":{"Biome":"Tropical seasonal forest","variant":1,"scale":0.895,"icon":"forest-tropical-seasonal-1"}},{"type":"Feature","geometry":{"type":"Point","coordinates":[78.2499993998355,6.474224956918914]},"properties":{"Biome":"Tropical seasonal forest","variant":1,"scale":0.957,"icon":"forest-tropical-seasonal-1"}},{"type":"Feature","geometry":{"type":"Point","coordinates":[76.22918335607271,8.12702426201745]},"properties":{"Biome":"Tropical seasonal forest","variant":0,"scale":0.94,"icon":"forest-tropical-seasonal-0"}},{"type":"Feature","geometry":{"type":"Point","coordinates":[83.60346235983513,-14.037121367047408]},"properties":{"Biome":"Tropical seasonal forest","variant":1,"scale":1.067,"icon":"forest-tropical-seasonal-1"}},{"type":"Feature","geometry":{"type":"Point","coordinates":[83.19389508188425,-16.73765666064646]},"properties":{"Biome":"Tropical seasonal forest","variant":2,"scale":1.035,"icon":"forest-tropical-seasonal-2"}},{"type":"Feature","geometry":{"type":"Point","coordinates":[79.26610061776519,-7.949915941800797]},"properties":{"Biome":"Tropical seasonal forest","variant":0,"scale":0.91,"icon":"forest-tropical-seasonal-0"}},{"type":"Feature","geometry":{"type":"Point","coordinates":[80.42114939644257,2.271544556755643]},"properties":{"Biome":"Tropical seasonal forest","variant":0,"scale":0.985,"icon":"forest-tropical-seasonal-0"}},{"type":"Feature","geometry":{"type":"Point","coordinates":[82.20360984340294,7.583258971121024]},"properties":{"Biome":"Tropical seasonal forest","variant":0,"scale":1.109,"icon":"forest-tropical-seasonal-0"}},{"type":"Feature","geometry":{"type":"Point","coordinates":[81.40963531880321,8.632170878116774]},"properties":{"Biome":"Tropical seasonal forest","variant":1,"scale":0.971,"icon":"forest-tropical-seasonal-1"}},{"type":"Feature","geometry":{"type":"Point","coordinates":[79.22651827084354,9.296288460839376]},"properties":{"Biome":"Tropical seasonal forest","variant":0,"scale":0.951,"icon":"forest-tropical-seasonal-0"}},{"type":"Feature","geometry":{"type":"Point","coordinates":[81.39049585926993,11.00512772904401]},"properties":{"Biome":"Tropical seasonal forest","variant":2,"scale":0.88,"icon":"forest-tropical-seasonal-2"}},{"type":"Feature","geometry":{"type":"Point","coordinates":[80.1938069187335,13.095466589663536]},"properties":{"Biome":"Tropical seasonal forest","variant":1,"scale":1.054,"icon":"forest-tropical-seasonal-1"}},{"type":"Feature","geometry":{"type":"Point","coordinates":[-67.75102250628547,-26.183226668347306]},"properties":{"Biome":"Temperate deciduous forest","variant":0,"scale":1.014,"icon":"forest-temperate-deciduous-0"}},{"type":"Feature","geometry":{"type":"Point","coordinates":[-64.19933327966034,-26.435532106877925]},"properties":{"Biome":"Temperate deciduous forest","variant":2,"scale":1.081,"icon":"forest-temperate-deciduous-2"}},{"type":"Feature","geometry":{"type":"Point","coordinates":[-67.59688129202989,-26.573072237844773]},"properties":{"Biome":"Temperate deciduous forest","variant":2,"scale":0.988,"icon":"forest-temperate-deciduous-2"}},{"type":"Feature","geometry":{"type":"Point","coordinates":[-65.98992732515558,-29.353500245824275]},"properties":{"Biome":"Temperate deciduous forest","variant":0,"scale":1.111,"icon":"forest-temperate-deciduous-0"}},{"type":"Feature","geometry":{"type":"Point","coordinates":[-66.36068636735499,-27.391642057050674]},"properties":{"Biome":"Temperate deciduous forest","variant":1,"scale":0.98,"icon":"forest-temperate-deciduous-1"}},{"type":"Feature","geometry":{"type":"Point","coordinates":[-69.52000975497604,-28.03346999469788]},"properties":{"Biome":"Temperate deciduous forest","variant":0,"scale":1.048,"icon":"forest-temperate-deciduous-0"}},{"type":"Feature","geometry":{"type":"Point","coordinates":[-67.05703673925493,-28.932369063696726]},"properties":{"Biome":"Temperate deciduous forest","variant":0,"scale":0.96,"icon":"forest-temperate-deciduous-0"}},{"type":"Feature","geometry":{"type":"Point","coordinates":[-70.67772800002645,-26.657771794491804]},"properties":{"Biome":"Temperate deciduous forest","variant":0,"scale":0.896,"icon":"forest-temperate-deciduous-0"}},{"type":"Feature","geometry":{"type":"Point","coordinates":[-47.86935464234199,-24.792688368617085]},"properties":{"Biome":"Temperate deciduous forest","variant":2,"scale":0.884,"icon":"forest-temperate-deciduous-2"}},{"type":"Feature","geometry":{"type":"Point","coordinates":[-62.36371073935659,-20.788099495527984]},"properties":{"Biome":"Temperate deciduous forest","variant":1,"scale":1.109,"icon":"forest-temperate-deciduous-1"}},{"type":"Feature","geometry":{"type":"Point","coordinates":[-62.64001342025796,-19.022733171949994]},"properties":{"Biome":"Temperate deciduous forest","variant":2,"scale":0.978,"icon":"forest-temperate-deciduous-2"}},{"type":"Feature","geometry":{"type":"Point","coordinates":[-45.44503207092802,-24.15605808313889]},"properties":{"Biome":"Temperate deciduous forest","variant":2,"scale":0.916,"icon":"forest-temperate-deciduous-2"}},{"type":"Feature","geometry":{"type":"Point","coordinates":[-41.06069682532721,-26.95477161256237]},"properties":{"Biome":"Temperate deciduous forest","variant":0,"scale":0.94,"icon":"forest-temperate-deciduous-0"}},{"type":"Feature","geometry":{"type":"Point","coordinates":[-53.646669333222,-23.11771439196302]},"properties":{"Biome":"Temperate deciduous forest","variant":1,"scale":1.084,"icon":"forest-temperate-deciduous-1"}},{"type":"Feature","geometry":{"type":"Point","coordinates":[-39.71230302039448,-28.541434251467464]},"properties":{"Biome":"Temperate deciduous forest","variant":1,"scale":1.062,"icon":"forest-temperate-deciduous-1"}},{"type":"Feature","geometry":{"type":"Point","coordinates":[-41.59070996841326,-28.63273707022569]},"properties":{"Biome":"Temperate deciduous forest","variant":1,"scale":1.085,"icon":"forest-temperate-deciduous-1"}},{"type":"Feature","geometry":{"type":"Point","coordinates":[-39.97337397472153,-28.41729442838606]},"properties":{"Biome":"Temperate deciduous forest","variant":1,"scale":1.061,"icon":"forest-temperate-deciduous-1"}},{"type":"Feature","geometry":{"type":"Point","coordinates":[-49.62638025322777,-23.50567224826145]},"properties":{"Biome":"Temperate deciduous forest","variant":2,"scale":0.991,"icon":"forest-temperate-deciduous-2"}},{"type":"Feature","geometry":{"type":"Point","coordinates":[-45.10669745316136,-26.234593010391404]},"properties":{"Biome":"Temperate deciduous forest","variant":0,"scale":1.071,"icon":"forest-temperate-deciduous-0"}},{"type":"Feature","geometry":{"type":"Point","coordinates":[-52.39288396318088,-22.17465027332783]},"properties":{"Biome":"Temperate deciduous forest","variant":1,"scale":0.922,"icon":"forest-temperate-deciduous-1"}},{"type":"Feature","geometry":{"type":"Point","coordinates":[-60.91895743101067,-19.34888614574631]},"properties":{"Biome":"Temperate deciduous forest","variant":0,"scale":0.942,"icon":"forest-temperate-deciduous-0"}},{"type":"Feature","geometry":{"type":"Point","coordinates":[-46.00736823248178,-24.021017167138197]},"properties":{"Biome":"Temperate deciduous forest","variant":2,"scale":0.988,"icon":"forest-temperate-deciduous-2"}},{"type":"Feature","geometry":{"type":"Point","coordinates":[-59.44579758318507,-21.263661859166064]},"properties":{"Biome":"Temperate deciduous forest","variant":0,"scale":1.003,"icon":"forest-temperate-deciduous-0"}},{"type":"Feature","geometry":{"type":"Point","coordinates":[-62.591108209222895,-18.627189230817724]},"properties":{"Biome":"Temperate deciduous forest","variant":0,"scale":1.093,"icon":"forest-temperate-deciduous-0"}},{"type":"Feature","geometry":{"type":"Point","coordinates":[-58.355387767346805,-20.87948215443925]},"properties":{"Biome":"Temperate deciduous forest","variant":0,"scale":0.925,"icon":"forest-temperate-deciduous-0"}},{"type":"Feature","geometry":{"type":"Point","coordinates":[-62.57925726496117,-18.662399387203227]},"properties":{"Biome":"Temperate deciduous forest","variant":2,"scale":1.059,"icon":"forest-temperate-deciduous-2"}},{"type":"Feature","geometry":{"type":"Point","coordinates":[-47.033976180391356,-24.645530624685488]},"properties":{"Biome":"Temperate deciduous forest","variant":1,"scale":1.001,"icon":"forest-temperate-deciduous-1"}},{"type":"Feature","geometry":{"type":"Point","coordinates":[-64.13735032405545,-18.679455604094475]},"properties":{"Biome":"Temperate deciduous forest","variant":1,"scale":1.103,"icon":"forest-temperate-deciduous-1"}},{"type":"Feature","geometry":{"type":"Point","coordinates":[-53.33397356606933,-22.229647829664867]},"properties":{"Biome":"Temperate deciduous forest","variant":2,"scale":1.108,"icon":"forest-temperate-deciduous-2"}},{"type":"Feature","geometry":{"type":"Point","coordinates":[-54.68353684144015,-20.435751518884953]},"properties":{"Biome":"Temperate deciduous forest","variant":1,"scale":1.026,"icon":"forest-temperate-deciduous-1"}},{"type":"Feature","geometry":{"type":"Point","coordinates":[-48.975632943792064,-23.571282977456228]},"properties":{"Biome":"Temperate deciduous forest","variant":2,"scale":0.917,"icon":"forest-temperate-deciduous-2"}},{"type":"Feature","geometry":{"type":"Point","coordinates":[-47.36629899649879,-22.60975410508264]},"properties":{"Biome":"Temperate deciduous forest","variant":2,"scale":1.059,"icon":"forest-temperate-deciduous-2"}},{"type":"Feature","geometry":{"type":"Point","coordinates":[-37.91264581777301,-31.22989923850372]},"properties":{"Biome":"Temperate deciduous forest","variant":0,"scale":0.99,"icon":"forest-temperate-deciduous-0"}},{"type":"Feature","geometry":{"type":"Point","coordinates":[-46.64468091618771,-25.8433876200061]},"properties":{"Biome":"Temperate deciduous forest","variant":2,"scale":1.071,"icon":"forest-temperate-deciduous-2"}},{"type":"Feature","geometry":{"type":"Point","coordinates":[-44.688759456090985,-25.23450559920959]},"properties":{"Biome":"Temperate deciduous forest","variant":2,"scale":0.961,"icon":"forest-temperate-deciduous-2"}},{"type":"Feature","geometry":{"type":"Point","coordinates":[-59.337347278593846,-19.34527364875192]},"properties":{"Biome":"Temperate deciduous forest","variant":2,"scale":1.008,"icon":"forest-temperate-deciduous-2"}},{"type":"Feature","geometry":{"type":"Point","coordinates":[-38.78293499901559,-28.985668592517623]},"properties":{"Biome":"Temperate deciduous forest","variant":2,"scale":1.12,"icon":"forest-temperate-deciduous-2"}},{"type":"Feature","geometry":{"type":"Point","coordinates":[-60.30294697558749,-19.043250144754523]},"properties":{"Biome":"Temperate deciduous forest","variant":1,"scale":1.02,"icon":"forest-temperate-deciduous-1"}},{"type":"Feature","geometry":{"type":"Point","coordinates":[-50.86015721442685,-25.336534198013364]},"properties":{"Biome":"Temperate deciduous forest","variant":1,"scale":1.085,"icon":"forest-temperate-deciduous-1"}},{"type":"Feature","geometry":{"type":"Point","coordinates":[-60.570428483532986,-22.22599993517965]},"properties":{"Biome":"Temperate deciduous forest","variant":0,"scale":1.113,"icon":"forest-temperate-deciduous-0"}},{"type":"Feature","geometry":{"type":"Point","coordinates":[-51.46595473337046,-22.380701246940117]},"properties":{"Biome":"Temperate deciduous forest","variant":2,"scale":0.939,"icon":"forest-temperate-deciduous-2"}},{"type":"Feature","geometry":{"type":"Point","coordinates":[-38.649259669279296,-28.637655966480892]},"properties":{"Biome":"Temperate deciduous forest","variant":0,"scale":1.034,"icon":"forest-temperate-deciduous-0"}},{"type":"Feature","geometry":{"type":"Point","coordinates":[-60.442528287304796,-19.067287440326904]},"properties":{"Biome":"Temperate deciduous forest","variant":0,"scale":1.038,"icon":"forest-temperate-deciduous-0"}},{"type":"Feature","geometry":{"type":"Point","coordinates":[-43.8651530732089,-24.46877284974316]},"properties":{"Biome":"Temperate deciduous forest","variant":0,"scale":1.077,"icon":"forest-temperate-deciduous-0"}},{"type":"Feature","geometry":{"type":"Point","coordinates":[-49.24465733390538,-23.755293073248836]},"properties":{"Biome":"Temperate deciduous forest","variant":2,"scale":1.092,"icon":"forest-temperate-deciduous-2"}},{"type":"Feature","geometry":{"type":"Point","coordinates":[-40.03499577475796,-29.32057736598216]},"properties":{"Biome":"Temperate deciduous forest","variant":1,"scale":0.914,"icon":"forest-temperate-deciduous-1"}},{"type":"Feature","geometry":{"type":"Point","coordinates":[-53.61038816634549,-22.25664097428729]},"properties":{"Biome":"Temperate deciduous forest","variant":2,"scale":0.98,"icon":"forest-temperate-deciduous-2"}},{"type":"Feature","geometry":{"type":"Point","coordinates":[-83.74361249828057,-16.757877827866732]},"properties":{"Biome":"Temperate deciduous forest","variant":2,"scale":1.101,"icon":"forest-temperate-deciduous-2"}},{"type":"Feature","geometry":{"type":"Point","coordinates":[-78.5240844597496,-15.202727335782798]},"properties":{"Biome":"Temperate deciduous forest","variant":0,"scale":0.902,"icon":"forest-temperate-deciduous-0"}},{"type":"Feature","geometry":{"type":"Point","coordinates":[-80.04250202038263,-15.40137876285335]},"properties":{"Biome":"Temperate deciduous forest","variant":0,"scale":1.004,"icon":"forest-temperate-deciduous-0"}},{"type":"Feature","geometry":{"type":"Point","coordinates":[-76.60186511310289,-13.934264370277903]},"properties":{"Biome":"Temperate deciduous forest","variant":1,"scale":1.065,"icon":"forest-temperate-deciduous-1"}},{"type":"Feature","geometry":{"type":"Point","coordinates":[-78.74632229051142,-13.62097250853978]},"properties":{"Biome":"Temperate deciduous forest","variant":1,"scale":0.915,"icon":"forest-temperate-deciduous-1"}},{"type":"Feature","geometry":{"type":"Point","coordinates":[-82.74771131048679,-12.625747136301795]},"properties":{"Biome":"Temperate deciduous forest","variant":1,"scale":0.941,"icon":"forest-temperate-deciduous-1"}},{"type":"Feature","geometry":{"type":"Point","coordinates":[-78.71609049208784,-12.360806022513657]},"properties":{"Biome":"Temperate deciduous forest","variant":2,"scale":1.047,"icon":"forest-temperate-deciduous-2"}},{"type":"Feature","geometry":{"type":"Point","coordinates":[-79.49118215307861,-11.228439832452944]},"properties":{"Biome":"Temperate deciduous forest","variant":0,"scale":1.047,"icon":"forest-temperate-deciduous-0"}},{"type":"Feature","geometry":{"type":"Point","coordinates":[-82.9783793044647,-10.31300012309658]},"properties":{"Biome":"Temperate deciduous forest","variant":0,"scale":0.934,"icon":"forest-temperate-deciduous-0"}},{"type":"Feature","geometry":{"type":"Point","coordinates":[-81.11281420295687,-9.686083777726498]},"properties":{"Biome":"Temperate deciduous forest","variant":1,"scale":1.1,"icon":"forest-temperate-deciduous-1"}},{"type":"Feature","geometry":{"type":"Point","coordinates":[-71.08482781329388,-2.688960863535016]},"properties":{"Biome":"Temperate deciduous forest","variant":2,"scale":0.978,"icon":"forest-temperate-deciduous-2"}},{"type":"Feature","geometry":{"type":"Point","coordinates":[-73.28475882726669,6.037801269613379]},"properties":{"Biome":"Temperate deciduous forest","variant":2,"scale":0.945,"icon":"forest-temperate-deciduous-2"}},{"type":"Feature","geometry":{"type":"Point","coordinates":[-69.1014734738473,17.498897518060026]},"properties":{"Biome":"Temperate deciduous forest","variant":0,"scale":1.111,"icon":"forest-temperate-deciduous-0"}},{"type":"Feature","geometry":{"type":"Point","coordinates":[-63.4222740314617,21.752798681863034]},"properties":{"Biome":"Temperate deciduous forest","variant":0,"scale":0.939,"icon":"forest-temperate-deciduous-0"}},{"type":"Feature","geometry":{"type":"Point","coordinates":[-64.3019850705403,22.425452186373363]},"properties":{"Biome":"Temperate deciduous forest","variant":0,"scale":0.941,"icon":"forest-temperate-deciduous-0"}},{"type":"Feature","geometry":{"type":"Point","coordinates":[-64.90374327270465,22.254511270144203]},"properties":{"Biome":"Temperate deciduous forest","variant":0,"scale":0.987,"icon":"forest-temperate-deciduous-0"}},{"type":"Feature","geometry":{"type":"Point","coordinates":[-60.799367446469766,-36.17411987656117]},"properties":{"Biome":"Temperate deciduous forest","variant":2,"scale":0.95,"icon":"forest-temperate-deciduous-2"}},{"type":"Feature","geometry":{"type":"Point","coordinates":[-63.150509486760456,-21.393339619440315]},"properties":{"Biome":"Temperate deciduous forest","variant":1,"scale":0.941,"icon":"forest-temperate-deciduous-1"}},{"type":"Feature","geometry":{"type":"Point","coordinates":[-56.63945861007402,-13.611608214471742]},"properties":{"Biome":"Temperate deciduous forest","variant":2,"scale":0.901,"icon":"forest-temperate-deciduous-2"}},{"type":"Feature","geometry":{"type":"Point","coordinates":[-60.94836774059203,-10.496652837078765]},"properties":{"Biome":"Temperate deciduous forest","variant":1,"scale":1.057,"icon":"forest-temperate-deciduous-1"}},{"type":"Feature","geometry":{"type":"Point","coordinates":[-60.876138683987165,23.29986241581979]},"properties":{"Biome":"Temperate deciduous forest","variant":0,"scale":0.943,"icon":"forest-temperate-deciduous-0"}},{"type":"Feature","geometry":{"type":"Point","coordinates":[-56.71072701753567,23.643447249231976]},"properties":{"Biome":"Temperate deciduous forest","variant":2,"scale":1.038,"icon":"forest-temperate-deciduous-2"}},{"type":"Feature","geometry":{"type":"Point","coordinates":[-53.22044244303851,24.77971005303726]},"properties":{"Biome":"Temperate deciduous forest","variant":2,"scale":1.073,"icon":"forest-temperate-deciduous-2"}},{"type":"Feature","geometry":{"type":"Point","coordinates":[-55.80068773050675,26.845709946854225]},"properties":{"Biome":"Temperate deciduous forest","variant":0,"scale":1.065,"icon":"forest-temperate-deciduous-0"}},{"type":"Feature","geometry":{"type":"Point","coordinates":[-54.31271467069025,27.16910013816899]},"properties":{"Biome":"Temperate deciduous forest","variant":1,"scale":0.956,"icon":"forest-temperate-deciduous-1"}},{"type":"Feature","geometry":{"type":"Point","coordinates":[-53.35887921176433,-11.12053862654304]},"properties":{"Biome":"Temperate deciduous forest","variant":2,"scale":1.049,"icon":"forest-temperate-deciduous-2"}},{"type":"Feature","geometry":{"type":"Point","coordinates":[-51.466456954132,-11.225114959167955]},"properties":{"Biome":"Temperate deciduous forest","variant":2,"scale":0.945,"icon":"forest-temperate-deciduous-2"}},{"type":"Feature","geometry":{"type":"Point","coordinates":[-50.93570012909846,-10.649354095617497]},"properties":{"Biome":"Temperate deciduous forest","variant":1,"scale":0.961,"icon":"forest-temperate-deciduous-1"}},{"type":"Feature","geometry":{"type":"Point","coordinates":[-51.76595790007241,23.96663081568582]},"properties":{"Biome":"Temperate deciduous forest","variant":1,"scale":1.061,"icon":"forest-temperate-deciduous-1"}},{"type":"Feature","geometry":{"type":"Point","coordinates":[-48.23181368792963,25.040389606720804]},"properties":{"Biome":"Temperate deciduous forest","variant":0,"scale":0.917,"icon":"forest-temperate-deciduous-0"}},{"type":"Feature","geometry":{"type":"Point","coordinates":[-50.802747144359905,24.79145074891576]},"properties":{"Biome":"Temperate deciduous forest","variant":1,"scale":0.908,"icon":"forest-temperate-deciduous-1"}},{"type":"Feature","geometry":{"type":"Point","coordinates":[-48.982750708061616,27.207593124358667]},"properties":{"Biome":"Temperate deciduous forest","variant":0,"scale":1.086,"icon":"forest-temperate-deciduous-0"}},{"type":"Feature","geometry":{"type":"Point","coordinates":[-48.610329812001865,27.05462993561931]},"properties":{"Biome":"Temperate deciduous forest","variant":2,"scale":1.119,"icon":"forest-temperate-deciduous-2"}},{"type":"Feature","geometry":{"type":"Point","coordinates":[-44.67373312772045,27.73202770777499]},"properties":{"Biome":"Temperate deciduous forest","variant":2,"scale":0.995,"icon":"forest-temperate-deciduous-2"}},{"type":"Feature","geometry":{"type":"Point","coordinates":[-46.74437979091951,27.561533728957478]},"properties":{"Biome":"Temperate deciduous forest","variant":1,"scale":1.082,"icon":"forest-temperate-deciduous-1"}},{"type":"Feature","geometry":{"type":"Point","coordinates":[-42.093067833679825,-33.399069660611175]},"properties":{"Biome":"Temperate deciduous forest","variant":2,"scale":0.881,"icon":"forest-temperate-deciduous-2"}},{"type":"Feature","geometry":{"type":"Point","coordinates":[-46.8225899668501,-28.49623835504988]},"properties":{"Biome":"Temperate deciduous forest","variant":0,"scale":1.011,"icon":"forest-temperate-deciduous-0"}},{"type":"Feature","geometry":{"type":"Point","coordinates":[-34.84549003576853,-27.56913261051705]},"properties":{"Biome":"Temperate deciduous forest","variant":0,"scale":0.884,"icon":"forest-temperate-deciduous-0"}},{"type":"Feature","geometry":{"type":"Point","coordinates":[-34.80837007020653,-28.259119760213075]},"properties":{"Biome":"Temperate deciduous forest","variant":1,"scale":0.986,"icon":"forest-temperate-deciduous-1"}},{"type":"Feature","geometry":{"type":"Point","coordinates":[-36.67372387034249,-27.45753943281313]},"properties":{"Biome":"Temperate deciduous forest","variant":2,"scale":0.981,"icon":"forest-temperate-deciduous-2"}},{"type":"Feature","geometry":{"type":"Point","coordinates":[-34.78792603244097,-27.724184214825975]},"properties":{"Biome":"Temperate deciduous forest","variant":1,"scale":0.965,"icon":"forest-temperate-deciduous-1"}},{"type":"Feature","geometry":{"type":"Point","coordinates":[-45.80069192767555,-9.840083772048033]},"properties":{"Biome":"Temperate deciduous forest","variant":2,"scale":1.078,"icon":"forest-temperate-deciduous-2"}},{"type":"Feature","geometry":{"type":"Point","coordinates":[-44.62860378295554,25.20055124527301]},"properties":{"Biome":"Temperate deciduous forest","variant":0,"scale":1.07,"icon":"forest-temperate-deciduous-0"}},{"type":"Feature","geometry":{"type":"Point","coordinates":[-46.16881201077316,24.669729705192857]},"properties":{"Biome":"Temperate deciduous forest","variant":1,"scale":0.954,"icon":"forest-temperate-deciduous-1"}},{"type":"Feature","geometry":{"type":"Point","coordinates":[-39.159253517306105,28.26078541467922]},"properties":{"Biome":"Temperate deciduous forest","variant":0,"scale":0.934,"icon":"forest-temperate-deciduous-0"}},{"type":"Feature","geometry":{"type":"Point","coordinates":[-28.724761319233746,-38.79984100674754]},"properties":{"Biome":"Temperate deciduous forest","variant":0,"scale":0.925,"icon":"forest-temperate-deciduous-0"}},{"type":"Feature","geometry":{"type":"Point","coordinates":[-28.950741459925233,-38.51003633124859]},"properties":{"Biome":"Temperate deciduous forest","variant":1,"scale":0.923,"icon":"forest-temperate-deciduous-1"}},{"type":"Feature","geometry":{"type":"Point","coordinates":[-29.40885693473138,-38.71275196055304]},"properties":{"Biome":"Temperate deciduous forest","variant":0,"scale":0.972,"icon":"forest-temperate-deciduous-0"}},{"type":"Feature","geometry":{"type":"Point","coordinates":[-30.65162120902773,-39.37796115416039]},"properties":{"Biome":"Temperate deciduous forest","variant":1,"scale":1.08,"icon":"forest-temperate-deciduous-1"}},{"type":"Feature","geometry":{"type":"Point","coordinates":[-29.930144620593612,-33.80137933601206]},"properties":{"Biome":"Temperate deciduous forest","variant":1,"scale":0.971,"icon":"forest-temperate-deciduous-1"}},{"type":"Feature","geometry":{"type":"Point","coordinates":[-32.06311208689294,-32.317034763430954]},"properties":{"Biome":"Temperate deciduous forest","variant":1,"scale":1.061,"icon":"forest-temperate-deciduous-1"}},{"type":"Feature","geometry":{"type":"Point","coordinates":[-26.279676340969555,-32.66484719551135]},"properties":{"Biome":"Temperate deciduous forest","variant":0,"scale":0.976,"icon":"forest-temperate-deciduous-0"}},{"type":"Feature","geometry":{"type":"Point","coordinates":[-21.58972266318805,-32.336504323231146]},"properties":{"Biome":"Temperate deciduous forest","variant":2,"scale":1.055,"icon":"forest-temperate-deciduous-2"}},{"type":"Feature","geometry":{"type":"Point","coordinates":[-29.06767420299504,-29.14468924060363]},"properties":{"Biome":"Temperate deciduous forest","variant":1,"scale":1.11,"icon":"forest-temperate-deciduous-1"}},{"type":"Feature","geometry":{"type":"Point","coordinates":[-11.742734270685864,-36.373546589122824]},"properties":{"Biome":"Temperate deciduous forest","variant":1,"scale":0.971,"icon":"forest-temperate-deciduous-1"}},{"type":"Feature","geometry":{"type":"Point","coordinates":[-17.876684013969818,-27.605710263589547]},"properties":{"Biome":"Temperate deciduous forest","variant":0,"scale":1.101,"icon":"forest-temperate-deciduous-0"}},{"type":"Feature","geometry":{"type":"Point","coordinates":[-6.5982440985146456,-33.912018114764976]},"properties":{"Biome":"Temperate deciduous forest","variant":2,"scale":1.101,"icon":"forest-temperate-deciduous-2"}},{"type":"Feature","geometry":{"type":"Point","coordinates":[-24.82053133898404,-33.15804982039349]},"properties":{"Biome":"Temperate deciduous forest","variant":1,"scale":0.96,"icon":"forest-temperate-deciduous-1"}},{"type":"Feature","geometry":{"type":"Point","coordinates":[-27.69784612888777,-28.61378958367654]},"properties":{"Biome":"Temperate deciduous forest","variant":2,"scale":1.075,"icon":"forest-temperate-deciduous-2"}},{"type":"Feature","geometry":{"type":"Point","coordinates":[-12.518350431584166,-35.22042117571272]},"properties":{"Biome":"Temperate deciduous forest","variant":1,"scale":0.932,"icon":"forest-temperate-deciduous-1"}},{"type":"Feature","geometry":{"type":"Point","coordinates":[-28.86257475458349,-30.32084144556819]},"properties":{"Biome":"Temperate deciduous forest","variant":0,"scale":0.905,"icon":"forest-temperate-deciduous-0"}},{"type":"Feature","geometry":{"type":"Point","coordinates":[-18.84699509399662,-31.35688240644832]},"properties":{"Biome":"Temperate deciduous forest","variant":0,"scale":0.941,"icon":"forest-temperate-deciduous-0"}},{"type":"Feature","geometry":{"type":"Point","coordinates":[-29.797629806942478,-29.364289027228708]},"properties":{"Biome":"Temperate deciduous forest","variant":1,"scale":1.068,"icon":"forest-temperate-deciduous-1"}},{"type":"Feature","geometry":{"type":"Point","coordinates":[-20.652670068429796,-39.188462579725524]},"properties":{"Biome":"Temperate deciduous forest","variant":2,"scale":1.109,"icon":"forest-temperate-deciduous-2"}},{"type":"Feature","geometry":{"type":"Point","coordinates":[-23.859773185258927,-38.653637136202]},"properties":{"Biome":"Temperate deciduous forest","variant":0,"scale":1.031,"icon":"forest-temperate-deciduous-0"}},{"type":"Feature","geometry":{"type":"Point","coordinates":[-9.386558218117782,-32.95711433151306]},"properties":{"Biome":"Temperate deciduous forest","variant":0,"scale":0.923,"icon":"forest-temperate-deciduous-0"}},{"type":"Feature","geometry":{"type":"Point","coordinates":[-14.135074794536893,-30.446202975534455]},"properties":{"Biome":"Temperate deciduous forest","variant":0,"scale":1.033,"icon":"forest-temperate-deciduous-0"}},{"type":"Feature","geometry":{"type":"Point","coordinates":[-19.371014527331443,-29.042744373803394]},"properties":{"Biome":"Temperate deciduous forest","variant":1,"scale":0.881,"icon":"forest-temperate-deciduous-1"}},{"type":"Feature","geometry":{"type":"Point","coordinates":[-16.59448272286983,-35.826742164134394]},"properties":{"Biome":"Temperate deciduous forest","variant":2,"scale":1.071,"icon":"forest-temperate-deciduous-2"}},{"type":"Feature","geometry":{"type":"Point","coordinates":[-27.382940677778755,-29.813296989370272]},"properties":{"Biome":"Temperate deciduous forest","variant":1,"scale":1.091,"icon":"forest-temperate-deciduous-1"}},{"type":"Feature","geometry":{"type":"Point","coordinates":[-10.240685760833031,-35.73478629962427]},"properties":{"Biome":"Temperate deciduous forest","variant":0,"scale":0.98,"icon":"forest-temperate-deciduous-0"}},{"type":"Feature","geometry":{"type":"Point","coordinates":[-11.217207173328022,-36.83837155667543]},"properties":{"Biome":"Temperate deciduous forest","variant":1,"scale":1.085,"icon":"forest-temperate-deciduous-1"}},{"type":"Feature","geometry":{"type":"Point","coordinates":[-16.71323535014551,-40.20830663149657]},"properties":{"Biome":"Temperate deciduous forest","variant":2,"scale":0.947,"icon":"forest-temperate-deciduous-2"}},{"type":"Feature","geometry":{"type":"Point","coordinates":[-5.787295861704184,-36.70651530882738]},"properties":{"Biome":"Temperate deciduous forest","variant":0,"scale":1.018,"icon":"forest-temperate-deciduous-0"}},{"type":"Feature","geometry":{"type":"Point","coordinates":[-22.71688294222772,-39.79704479919341]},"properties":{"Biome":"Temperate deciduous forest","variant":0,"scale":1.051,"icon":"forest-temperate-deciduous-0"}},{"type":"Feature","geometry":{"type":"Point","coordinates":[-25.726473955307913,-40.62844135858414]},"properties":{"Biome":"Temperate deciduous forest","variant":2,"scale":0.946,"icon":"forest-temperate-deciduous-2"}},{"type":"Feature","geometry":{"type":"Point","coordinates":[-15.273199336431121,-28.764427473858255]},"properties":{"Biome":"Temperate deciduous forest","variant":2,"scale":1.064,"icon":"forest-temperate-deciduous-2"}},{"type":"Feature","geometry":{"type":"Point","coordinates":[-22.828486481009296,-34.4258236249199]},"properties":{"Biome":"Temperate deciduous forest","variant":1,"scale":1.024,"icon":"forest-temperate-deciduous-1"}},{"type":"Feature","geometry":{"type":"Point","coordinates":[-22.256159998393844,-40.02718332472678]},"properties":{"Biome":"Temperate deciduous forest","variant":1,"scale":1.072,"icon":"forest-temperate-deciduous-1"}},{"type":"Feature","geometry":{"type":"Point","coordinates":[-24.03654968581954,-32.946642340578364]},"properties":{"Biome":"Temperate deciduous forest","variant":0,"scale":1.083,"icon":"forest-temperate-deciduous-0"}},{"type":"Feature","geometry":{"type":"Point","coordinates":[-16.725578364326214,-38.824064322620515]},"properties":{"Biome":"Temperate deciduous forest","variant":0,"scale":0.951,"icon":"forest-temperate-deciduous-0"}},{"type":"Feature","geometry":{"type":"Point","coordinates":[-9.85189761327713,-30.720885506999544]},"properties":{"Biome":"Temperate deciduous forest","variant":2,"scale":0.941,"icon":"forest-temperate-deciduous-2"}},{"type":"Feature","geometry":{"type":"Point","coordinates":[-23.842917879684336,-39.22451726486066]},"properties":{"Biome":"Temperate deciduous forest","variant":0,"scale":1.067,"icon":"forest-temperate-deciduous-0"}},{"type":"Feature","geometry":{"type":"Point","coordinates":[-28.99905077254574,-29.0092251612157]},"properties":{"Biome":"Temperate deciduous forest","variant":0,"scale":1.097,"icon":"forest-temperate-deciduous-0"}},{"type":"Feature","geometry":{"type":"Point","coordinates":[-6.013519105663293,-35.845055050315736]},"properties":{"Biome":"Temperate deciduous forest","variant":2,"scale":0.962,"icon":"forest-temperate-deciduous-2"}},{"type":"Feature","geometry":{"type":"Point","coordinates":[-19.29814497472027,-40.25263965264073]},"properties":{"Biome":"Temperate deciduous forest","variant":0,"scale":0.999,"icon":"forest-temperate-deciduous-0"}},{"type":"Feature","geometry":{"type":"Point","coordinates":[-21.08601919314474,-27.545904204755164]},"properties":{"Biome":"Temperate deciduous forest","variant":1,"scale":1.06,"icon":"forest-temperate-deciduous-1"}},{"type":"Feature","geometry":{"type":"Point","coordinates":[-18.568755857594855,-27.208266408358]},"properties":{"Biome":"Temperate deciduous forest","variant":1,"scale":1.063,"icon":"forest-temperate-deciduous-1"}},{"type":"Feature","geometry":{"type":"Point","coordinates":[-27.017308329826008,-29.2808134943108]},"properties":{"Biome":"Temperate deciduous forest","variant":0,"scale":1.02,"icon":"forest-temperate-deciduous-0"}},{"type":"Feature","geometry":{"type":"Point","coordinates":[-16.51941262578368,-28.747329309374066]},"properties":{"Biome":"Temperate deciduous forest","variant":0,"scale":0.977,"icon":"forest-temperate-deciduous-0"}},{"type":"Feature","geometry":{"type":"Point","coordinates":[-6.6629743910844095,-35.88444408479058]},"properties":{"Biome":"Temperate deciduous forest","variant":1,"scale":1.112,"icon":"forest-temperate-deciduous-1"}},{"type":"Feature","geometry":{"type":"Point","coordinates":[-15.433799727920016,-30.900159604244397]},"properties":{"Biome":"Temperate deciduous forest","variant":1,"scale":0.898,"icon":"forest-temperate-deciduous-1"}},{"type":"Feature","geometry":{"type":"Point","coordinates":[-14.409970705638758,-29.906701614501657]},"properties":{"Biome":"Temperate deciduous forest","variant":1,"scale":1.083,"icon":"forest-temperate-deciduous-1"}},{"type":"Feature","geometry":{"type":"Point","coordinates":[-21.527242719300073,-38.91018195542269]},"properties":{"Biome":"Temperate deciduous forest","variant":1,"scale":1.005,"icon":"forest-temperate-deciduous-1"}},{"type":"Feature","geometry":{"type":"Point","coordinates":[-11.591799114600029,-36.930099507214344]},"properties":{"Biome":"Temperate deciduous forest","variant":2,"scale":1.079,"icon":"forest-temperate-deciduous-2"}},{"type":"Feature","geometry":{"type":"Point","coordinates":[-25.495808543628346,-29.04829621649332]},"properties":{"Biome":"Temperate deciduous forest","variant":2,"scale":1.09,"icon":"forest-temperate-deciduous-2"}},{"type":"Feature","geometry":{"type":"Point","coordinates":[-5.993401509654181,-36.860545099826425]},"properties":{"Biome":"Temperate deciduous forest","variant":1,"scale":0.926,"icon":"forest-temperate-deciduous-1"}},{"type":"Feature","geometry":{"type":"Point","coordinates":[-15.42953284533589,-36.31711577107851]},"properties":{"Biome":"Temperate deciduous forest","variant":1,"scale":1.005,"icon":"forest-temperate-deciduous-1"}},{"type":"Feature","geometry":{"type":"Point","coordinates":[-19.614846974839924,-28.03053866325104]},"properties":{"Biome":"Temperate deciduous forest","variant":1,"scale":1.074,"icon":"forest-temperate-deciduous-1"}},{"type":"Feature","geometry":{"type":"Point","coordinates":[-20.64586115706619,-27.870264628894365]},"properties":{"Biome":"Temperate deciduous forest","variant":0,"scale":0.994,"icon":"forest-temperate-deciduous-0"}},{"type":"Feature","geometry":{"type":"Point","coordinates":[-22.352387119741554,-29.855634332049178]},"properties":{"Biome":"Temperate deciduous forest","variant":2,"scale":1.119,"icon":"forest-temperate-deciduous-2"}},{"type":"Feature","geometry":{"type":"Point","coordinates":[-6.328993462205968,-36.07921048130178]},"properties":{"Biome":"Temperate deciduous forest","variant":1,"scale":1.001,"icon":"forest-temperate-deciduous-1"}},{"type":"Feature","geometry":{"type":"Point","coordinates":[-18.03907730690633,-28.22618540878907]},"properties":{"Biome":"Temperate deciduous forest","variant":2,"scale":1.053,"icon":"forest-temperate-deciduous-2"}},{"type":"Feature","geometry":{"type":"Point","coordinates":[-20.11415650631323,-34.733568042339456]},"properties":{"Biome":"Temperate deciduous forest","variant":1,"scale":1.071,"icon":"forest-temperate-deciduous-1"}},{"type":"Feature","geometry":{"type":"Point","coordinates":[-19.429790747867074,-39.67804273091087]},"properties":{"Biome":"Temperate deciduous forest","variant":2,"scale":1.025,"icon":"forest-temperate-deciduous-2"}},{"type":"Feature","geometry":{"type":"Point","coordinates":[-23.572149267392607,-38.477758257117216]},"properties":{"Biome":"Temperate deciduous forest","variant":0,"scale":1.039,"icon":"forest-temperate-deciduous-0"}},{"type":"Feature","geometry":{"type":"Point","coordinates":[-25.826350593939416,-31.210731269799904]},"properties":{"Biome":"Temperate deciduous forest","variant":2,"scale":0.909,"icon":"forest-temperate-deciduous-2"}},{"type":"Feature","geometry":{"type":"Point","coordinates":[-27.51898373816912,-31.249654039710823]},"properties":{"Biome":"Temperate deciduous forest","variant":2,"scale":1.116,"icon":"forest-temperate-deciduous-2"}},{"type":"Feature","geometry":{"type":"Point","coordinates":[-33.83741490890363,-30.74374468098312]},"properties":{"Biome":"Temperate deciduous forest","variant":2,"scale":1.071,"icon":"forest-temperate-deciduous-2"}},{"type":"Feature","geometry":{"type":"Point","coordinates":[-37.02052080174463,-31.241061327123116]},"properties":{"Biome":"Temperate deciduous forest","variant":0,"scale":0.958,"icon":"forest-temperate-deciduous-0"}},{"type":"Feature","geometry":{"type":"Point","coordinates":[-29.956801973938045,-27.831350912697314]},"properties":{"Biome":"Temperate deciduous forest","variant":1,"scale":1.101,"icon":"forest-temperate-deciduous-1"}},{"type":"Feature","geometry":{"type":"Point","coordinates":[-27.01662009615197,-27.026948682342663]},"properties":{"Biome":"Temperate deciduous forest","variant":1,"scale":1.065,"icon":"forest-temperate-deciduous-1"}},{"type":"Feature","geometry":{"type":"Point","coordinates":[-35.34829492350651,-25.692689122215135]},"properties":{"Biome":"Temperate deciduous forest","variant":2,"scale":1.11,"icon":"forest-temperate-deciduous-2"}},{"type":"Feature","geometry":{"type":"Point","coordinates":[-36.83533496871038,-22.647900167918927]},"properties":{"Biome":"Temperate deciduous forest","variant":2,"scale":1.003,"icon":"forest-temperate-deciduous-2"}},{"type":"Feature","geometry":{"type":"Point","coordinates":[-36.13305284221921,-18.378465267057155]},"properties":{"Biome":"Temperate deciduous forest","variant":0,"scale":0.948,"icon":"forest-temperate-deciduous-0"}},{"type":"Feature","geometry":{"type":"Point","coordinates":[-36.13584740219647,-18.93486390002903]},"properties":{"Biome":"Temperate deciduous forest","variant":1,"scale":0.963,"icon":"forest-temperate-deciduous-1"}},{"type":"Feature","geometry":{"type":"Point","coordinates":[-34.63810160188995,-18.302271356351607]},"properties":{"Biome":"Temperate deciduous forest","variant":0,"scale":0.986,"icon":"forest-temperate-deciduous-0"}},{"type":"Feature","geometry":{"type":"Point","coordinates":[-28.537240153477956,-18.56507832840926]},"properties":{"Biome":"Temperate deciduous forest","variant":1,"scale":0.956,"icon":"forest-temperate-deciduous-1"}},{"type":"Feature","geometry":{"type":"Point","coordinates":[-27.634426379347644,-18.68568072468673]},"properties":{"Biome":"Temperate deciduous forest","variant":1,"scale":1.03,"icon":"forest-temperate-deciduous-1"}},{"type":"Feature","geometry":{"type":"Point","coordinates":[-25.652027892869498,-17.779773418522232]},"properties":{"Biome":"Temperate deciduous forest","variant":0,"scale":0.942,"icon":"forest-temperate-deciduous-0"}},{"type":"Feature","geometry":{"type":"Point","coordinates":[-27.282871392954615,-18.335088773110765]},"properties":{"Biome":"Temperate deciduous forest","variant":2,"scale":0.964,"icon":"forest-temperate-deciduous-2"}},{"type":"Feature","geometry":{"type":"Point","coordinates":[-28.47929833788301,-15.936490081698366]},"properties":{"Biome":"Temperate deciduous forest","variant":2,"scale":1.017,"icon":"forest-temperate-deciduous-2"}},{"type":"Feature","geometry":{"type":"Point","coordinates":[-28.0096714442527,-14.683226024858346]},"properties":{"Biome":"Temperate deciduous forest","variant":2,"scale":0.977,"icon":"forest-temperate-deciduous-2"}},{"type":"Feature","geometry":{"type":"Point","coordinates":[-24.947041047193075,9.687195208331271]},"properties":{"Biome":"Temperate deciduous forest","variant":2,"scale":1.035,"icon":"forest-temperate-deciduous-2"}},{"type":"Feature","geometry":{"type":"Point","coordinates":[-20.26103105088736,-42.028588630046045]},"properties":{"Biome":"Temperate deciduous forest","variant":0,"scale":0.977,"icon":"forest-temperate-deciduous-0"}},{"type":"Feature","geometry":{"type":"Point","coordinates":[-22.78012635939217,-36.63141459203895]},"properties":{"Biome":"Temperate deciduous forest","variant":0,"scale":1.027,"icon":"forest-temperate-deciduous-0"}},{"type":"Feature","geometry":{"type":"Point","coordinates":[-22.14110279685928,-28.69339835761654]},"properties":{"Biome":"Temperate deciduous forest","variant":1,"scale":1.097,"icon":"forest-temperate-deciduous-1"}},{"type":"Feature","geometry":{"type":"Point","coordinates":[-23.966999118058993,-24.350084757579623]},"properties":{"Biome":"Temperate deciduous forest","variant":1,"scale":0.949,"icon":"forest-temperate-deciduous-1"}},{"type":"Feature","geometry":{"type":"Point","coordinates":[-24.18697497965451,9.13817541062684]},"properties":{"Biome":"Temperate deciduous forest","variant":2,"scale":0.923,"icon":"forest-temperate-deciduous-2"}},{"type":"Feature","geometry":{"type":"Point","coordinates":[-22.21425921363638,9.90954796162664]},"properties":{"Biome":"Temperate deciduous forest","variant":2,"scale":1.0,"icon":"forest-temperate-deciduous-2"}},{"type":"Feature","geometry":{"type":"Point","coordinates":[-22.917155638860184,12.3434256804342]},"properties":{"Biome":"Temperate deciduous forest","variant":0,"scale":1.038,"icon":"forest-temperate-deciduous-0"}},{"type":"Feature","geometry":{"type":"Point","coordinates":[-20.471718501577723,16.03004230074138]},"properties":{"Biome":"Temperate deciduous forest","variant":0,"scale":0.971,"icon":"forest-temperate-deciduous-0"}},{"type":"Feature","geometry":{"type":"Point","coordinates":[-20.660892652168535,17.06621964145146]},"properties":{"Biome":"Temperate deciduous forest","variant":0,"scale":1.077,"icon":"forest-temperate-deciduous-0"}},{"type":"Feature","geometry":{"type":"Point","coordinates":[-18.370207775090087,-42.360755731834445]},"properties":{"Biome":"Temperate deciduous forest","variant":0,"scale":1.032,"icon":"forest-temperate-deciduous-0"}},{"type":"Feature","geometry":{"type":"Point","coordinates":[-16.51006539010212,-32.552781477547946]},"properties":{"Biome":"Temperate deciduous forest","variant":2,"scale":0.934,"icon":"forest-temperate-deciduous-2"}},{"type":"Feature","geometry":{"type":"Point","coordinates":[-19.216319261756563,-32.67244102255191]},"properties":{"Biome":"Temperate deciduous forest","variant":0,"scale":1.089,"icon":"forest-temperate-deciduous-0"}},{"type":"Feature","geometry":{"type":"Point","coordinates":[-17.253285620539927,39.71093151937791]},"properties":{"Biome":"Temperate deciduous forest","variant":2,"scale":0.928,"icon":"forest-temperate-deciduous-2"}},{"type":"Feature","geometry":{"type":"Point","coordinates":[-15.679360404687104,36.500709575792136]},"properties":{"Biome":"Temperate deciduous forest","variant":0,"scale":0.924,"icon":"forest-temperate-deciduous-0"}},{"type":"Feature","geometry":{"type":"Point","coordinates":[-14.586429615236108,36.683625335682436]},"properties":{"Biome":"Temperate deciduous forest","variant":2,"scale":1.041,"icon":"forest-temperate-deciduous-2"}},{"type":"Feature","geometry":{"type":"Point","coordinates":[-17.28662484163983,43.12268725634077]},"properties":{"Biome":"Temperate deciduous forest","variant":1,"scale":0.957,"icon":"forest-temperate-deciduous-1"}},{"type":"Feature","geometry":{"type":"Point","coordinates":[-14.999437595204588,-33.53334125474493]},"properties":{"Biome":"Temperate deciduous forest","variant":2,"scale":0.917,"icon":"forest-temperate-deciduous-2"}},{"type":"Feature","geometry":{"type":"Point","coordinates":[-12.722927802305069,34.75052391638209]},"properties":{"Biome":"Temperate deciduous forest","variant":1,"scale":1.029,"icon":"forest-temperate-deciduous-1"}},{"type":"Feature","geometry":{"type":"Point","coordinates":[-13.865359891215416,40.630810806383515]},"properties":{"Biome":"Temperate deciduous forest","variant":1,"scale":1.009,"icon":"forest-temperate-deciduous-1"}},{"type":"Feature","geometry":{"type":"Point","coordinates":[-14.002057802829968,41.90412503145515]},"properties":{"Biome":"Temperate deciduous forest","variant":2,"scale":0.969,"icon":"forest-temperate-deciduous-2"}},{"type":"Feature","geometry":{"type":"Point","coordinates":[-8.769184837164719,45.297338830718004]},"properties":{"Biome":"Temperate deciduous forest","variant":2,"scale":1.067,"icon":"forest-temperate-deciduous-2"}},{"type":"Feature","geometry":{"type":"Point","coordinates":[-5.352439863312945,-30.150271247234887]},"properties":{"Biome":"Temperate deciduous forest","variant":2,"scale":1.06,"icon":"forest-temperate-deciduous-2"}},{"type":"Feature","geometry":{"type":"Point","coordinates":[-6.532979139654041,34.486112188460154]},"properties":{"Biome":"Temperate deciduous forest","variant":0,"scale":0.953,"icon":"forest-temperate-deciduous-0"}},{"type":"Feature","geometry":{"type":"Point","coordinates":[-8.972179940663526,38.50160792327351]},"properties":{"Biome":"Temperate deciduous forest","variant":0,"scale":1.099,"icon":"forest-temperate-deciduous-0"}},{"type":"Feature","geometry":{"type":"Point","coordinates":[-4.464086324837607,39.504775245347325]},"properties":{"Biome":"Temperate deciduous forest","variant":2,"scale":0.92,"icon":"forest-temperate-deciduous-2"}},{"type":"Feature","geometry":{"type":"Point","coordinates":[-0.058594748122985964,42.50155301231541]},"properties":{"Biome":"Temperate deciduous forest","variant":1,"scale":1.066,"icon":"forest-temperate-deciduous-1"}},{"type":"Feature","geometry":{"type":"Point","coordinates":[-6.967231188174553,39.393289376115625]},"properties":{"Biome":"Temperate deciduous forest","variant":2,"scale":1.088,"icon":"forest-temperate-deciduous-2"}},{"type":"Feature","geometry":{"type":"Point","coordinates":[-0.2775660621811749,42.315609853935484]},"properties":{"Biome":"Temperate deciduous forest","variant":1,"scale":0.934,"icon":"forest-temperate-deciduous-1"}},{"type":"Feature","geometry":{"type":"Point","coordinates":[-6.7167871713439,40.64406457022457]},"properties":{"Biome":"Temperate deciduous forest","variant":2,"scale":1.096,"icon":"forest-temperate-deciduous-2"}},{"type":"Feature","geometry":{"type":"Point","coordinates":[-5.45559606131645,43.15147712856729]},"properties":{"Biome":"Temperate deciduous forest","variant":1,"scale":1.009,"icon":"forest-temperate-deciduous-1"}},{"type":"Feature","geometry":{"type":"Point","coordinates":[-7.630717046609479,44.55229299769681]},"properties":{"Biome":"Temperate deciduous forest","variant":0,"scale":0.946,"icon":"forest-temperate-deciduous-0"}},{"type":"Feature","geometry":{"type":"Point","coordinates":[3.085713263860149,-37.580384805418625]},"properties":{"Biome":"Temperate deciduous forest","variant":2,"scale":0.907,"icon":"forest-temperate-deciduous-2"}},{"type":"Feature","geometry":{"type":"Point","coordinates":[-3.6517673119701435,-37.50478746927059]},"properties":{"Biome":"Temperate deciduous forest","variant":1,"scale":0.924,"icon":"forest-temperate-deciduous-1"}},{"type":"Feature","geometry":{"type":"Point","coordinates":[-2.1281299993720575,-36.007311758537234]},"properties":{"Biome":"Temperate deciduous forest","variant":1,"scale":0.96,"icon":"forest-temperate-deciduous-1"}},{"type":"Feature","geometry":{"type":"Point","coordinates":[-0.630988557216198,-36.27128758250219]},"properties":{"Biome":"Temperate deciduous forest","variant":0,"scale":1.005,"icon":"forest-temperate-deciduous-0"}},{"type":"Feature","geometry":{"type":"Point","coordinates":[-0.15260916360285331,-34.43969301633721]},"properties":{"Biome":"Temperate deciduous forest","variant":2,"scale":1.028,"icon":"forest-temperate-deciduous-2"}},{"type":"Feature","geometry":{"type":"Point","coordinates":[0.07734106825395376,-32.76277175712134]},"properties":{"Biome":"Temperate deciduous forest","variant":1,"scale":0.978,"icon":"forest-temperate-deciduous-1"}},{"type":"Feature","geometry":{"type":"Point","coordinates":[-4.298526342325913,-30.790375458940606]},"properties":{"Biome":"Temperate deciduous forest","variant":0,"scale":1.005,"icon":"forest-temperate-deciduous-0"}},{"type":"Feature","geometry":{"type":"Point","coordinates":[-3.6924520667720055,-29.471405847286213]},"properties":{"Biome":"Temperate deciduous forest","variant":0,"scale":1.014,"icon":"forest-temperate-deciduous-0"}},{"type":"Feature","geometry":{"type":"Point","coordinates":[2.5358632098509464,25.8659073476358]},"properties":{"Biome":"Temperate deciduous forest","variant":1,"scale":1.044,"icon":"forest-temperate-deciduous-1"}},{"type":"Feature","geometry":{"type":"Point","coordinates":[-0.4890435821739327,27.20064484506595]},"properties":{"Biome":"Temperate deciduous forest","variant":0,"scale":0.987,"icon":"forest-temperate-deciduous-0"}},{"type":"Feature","geometry":{"type":"Point","coordinates":[-0.6698807385793066,28.53967393441042]},"properties":{"Biome":"Temperate deciduous forest","variant":1,"scale":1.089,"icon":"forest-temperate-deciduous-1"}},{"type":"Feature","geometry":{"type":"Point","coordinates":[0.3884184833373955,30.739195016109925]},"properties":{"Biome":"Temperate deciduous forest","variant":1,"scale":1.064,"icon":"forest-temperate-deciduous-1"}},{"type":"Feature","geometry":{"type":"Point","coordinates":[-3.0624218114492336,37.44423042566337]},"properties":{"Biome":"Temperate deciduous forest","variant":2,"scale":0.961,"icon":"forest-temperate-deciduous-2"}},{"type":"Feature","geometry":{"type":"Point","coordinates":[-1.0947112338191818,36.76813472057994]},"properties":{"Biome":"Temperate deciduous forest","variant":2,"scale":0.925,"icon":"forest-temperate-deciduous-2"}},{"type":"Feature","geometry":{"type":"Point","coordinates":[-2.389656422409573,36.29925141045314]},"properties":{"Biome":"Temperate deciduous forest","variant":0,"scale":1.045,"icon":"forest-temperate-deciduous-0"}},{"type":"Feature","geometry":{"type":"Point","coordinates":[-0.6197086052440204,37.603699500905584]},"properties":{"Biome":"Temperate deciduous forest","variant":0,"scale":1.098,"icon":"forest-temperate-deciduous-0"}},{"type":"Feature","geometry":{"type":"Point","coordinates":[-3.245335399683908,34.513482829049536]},"properties":{"Biome":"Temperate deciduous forest","variant":2,"scale":0.974,"icon":"forest-temperate-deciduous-2"}},{"type":"Feature","geometry":{"type":"Point","coordinates":[1.9812671381618931,38.68359019651923]},"properties":{"Biome":"Temperate deciduous forest","variant":1,"scale":0.909,"icon":"forest-temperate-deciduous-1"}},{"type":"Feature","geometry":{"type":"Point","coordinates":[5.178297525738647,39.022743336422785]},"properties":{"Biome":"Temperate deciduous forest","variant":2,"scale":1.105,"icon":"forest-temperate-deciduous-2"}},{"type":"Feature","geometry":{"type":"Point","coordinates":[3.900752452566537,38.37249242246546]},"properties":{"Biome":"Temperate deciduous forest","variant":2,"scale":0.921,"icon":"forest-temperate-deciduous-2"}},{"type":"Feature","geometry":{"type":"Point","coordinates":[3.035181832929762,38.9320972364222]},"properties":{"Biome":"Temperate deciduous forest","variant":0,"scale":1.007,"icon":"forest-temperate-deciduous-0"}},{"type":"Feature","geometry":{"type":"Point","coordinates":[-3.2981464788501706,42.23012171823423]},"properties":{"Biome":"Temperate deciduous forest","variant":0,"scale":0.934,"icon":"forest-temperate-deciduous-0"}},{"type":"Feature","geometry":{"type":"Point","coordinates":[3.1798744776658343,44.16051587347652]},"properties":{"Biome":"Temperate deciduous forest","variant":1,"scale":1.084,"icon":"forest-temperate-deciduous-1"}},{"type":"Feature","geometry":{"type":"Point","coordinates":[7.147613535804842,23.314494577107382]},"properties":{"Biome":"Temperate deciduous forest","variant":1,"scale":0.944,"icon":"forest-temperate-deciduous-1"}},{"type":"Feature","geometry":{"type":"Point","coordinates":[12.75985231533808,23.49852497671573]},"properties":{"Biome":"Temperate deciduous forest","variant":0,"scale":0.969,"icon":"forest-temperate-deciduous-0"}},{"type":"Feature","geometry":{"type":"Point","coordinates":[4.764425588476714,25.040899489266348]},"properties":{"Biome":"Temperate deciduous forest","variant":1,"scale":0.951,"icon":"forest-temperate-deciduous-1"}},{"type":"Feature","geometry":{"type":"Point","coordinates":[12.517692255440144,25.30280481094938]},"properties":{"Biome":"Temperate deciduous forest","variant":2,"scale":1.006,"icon":"forest-temperate-deciduous-2"}},{"type":"Feature","geometry":{"type":"Point","coordinates":[6.856223545302176,25.633253493548388]},"properties":{"Biome":"Temperate deciduous forest","variant":0,"scale":0.9,"icon":"forest-temperate-deciduous-0"}},{"type":"Feature","geometry":{"type":"Point","coordinates":[8.33129678011703,26.44085899747141]},"properties":{"Biome":"Temperate deciduous forest","variant":2,"scale":0.896,"icon":"forest-temperate-deciduous-2"}},{"type":"Feature","geometry":{"type":"Point","coordinates":[12.479034505551907,27.352280687133085]},"properties":{"Biome":"Temperate deciduous forest","variant":1,"scale":1.064,"icon":"forest-temperate-deciduous-1"}},{"type":"Feature","geometry":{"type":"Point","coordinates":[4.818281010766343,27.4256303879634]},"properties":{"Biome":"Temperate deciduous forest","variant":1,"scale":1.096,"icon":"forest-temperate-deciduous-1"}},{"type":"Feature","geometry":{"type":"Point","coordinates":[11.432660154488913,29.339108520076998]},"properties":{"Biome":"Temperate deciduous forest","variant":2,"scale":1.105,"icon":"forest-temperate-deciduous-2"}},{"type":"Feature","geometry":{"type":"Point","coordinates":[12.766569893120511,30.494830877537957]},"properties":{"Biome":"Temperate deciduous forest","variant":0,"scale":1.062,"icon":"forest-temperate-deciduous-0"}},{"type":"Feature","geometry":{"type":"Point","coordinates":[13.217123025372807,30.193250099985907]},"properties":{"Biome":"Temperate deciduous forest","variant":0,"scale":0.895,"icon":"forest-temperate-deciduous-0"}},{"type":"Feature","geometry":{"type":"Point","coordinates":[12.844379942434507,30.935560545613708]},"properties":{"Biome":"Temperate deciduous forest","variant":0,"scale":1.025,"icon":"forest-temperate-deciduous-0"}},{"type":"Feature","geometry":{"type":"Point","coordinates":[10.63353908597138,30.465637593881986]},"properties":{"Biome":"Temperate deciduous forest","variant":2,"scale":0.881,"icon":"forest-temperate-deciduous-2"}},{"type":"Feature","geometry":{"type":"Point","coordinates":[11.32844313528512,35.07274165173755]},"properties":{"Biome":"Temperate deciduous forest","variant":2,"scale":0.958,"icon":"forest-temperate-deciduous-2"}},{"type":"Feature","geometry":{"type":"Point","coordinates":[11.901798090779673,37.52985873233729]},"properties":{"Biome":"Temperate deciduous forest","variant":0,"scale":0.938,"icon":"forest-temperate-deciduous-0"}},{"type":"Feature","geometry":{"type":"Point","coordinates":[10.574578245602762,36.87533341843919]},"properties":{"Biome":"Temperate deciduous forest","variant":1,"scale":0.96,"icon":"forest-temperate-deciduous-1"}},{"type":"Feature","geometry":{"type":"Point","coordinates":[12.345161115009606,35.580523503947255]},"properties":{"Biome":"Temperate deciduous forest","variant":1,"scale":1.096,"icon":"forest-temperate-deciduous-1"}},{"type":"Feature","geometry":{"type":"Point","coordinates":[14.133691528151473,35.08317098252503]},"properties":{"Biome":"Temperate deciduous forest","variant":0,"scale":1.104,"icon":"forest-temperate-deciduous-0"}},{"type":"Feature","geometry":{"type":"Point","coordinates":[18.214559913520258,39.044146122934464]},"properties":{"Biome":"Temperate deciduous forest","variant":1,"scale":1.114,"icon":"forest-temperate-deciduous-1"}},{"type":"Feature","geometry":{"type":"Point","coordinates":[12.614271051184216,39.27111513118894]},"properties":{"Biome":"Temperate deciduous forest","variant":2,"scale":1.068,"icon":"forest-temperate-deciduous-2"}},{"type":"Feature","geometry":{"type":"Point","coordinates":[9.138075487365771,34.70417723215376]},"properties":{"Biome":"Temperate deciduous forest","variant":1,"scale":0.924,"icon":"forest-temperate-deciduous-1"}},{"type":"Feature","geometry":{"type":"Point","coordinates":[10.232204104096649,34.95841556831689]},"properties":{"Biome":"Temperate deciduous forest","variant":0,"scale":1.015,"icon":"forest-temperate-deciduous-0"}},{"type":"Feature","geometry":{"type":"Point","coordinates":[8.546556044951833,35.19770591597782]},"properties":{"Biome":"Temperate deciduous forest","variant":2,"scale":1.045,"icon":"forest-temperate-deciduous-2"}},{"type":"Feature","geometry":{"type":"Point","coordinates":[9.257295656843898,36.414691220467745]},"properties":{"Biome":"Temperate deciduous forest","variant":0,"scale":0.894,"icon":"forest-temperate-deciduous-0"}},{"type":"Feature","geometry":{"type":"Point","coordinates":[7.589069970295321,37.36553684174589]},"properties":{"Biome":"Temperate deciduous forest","variant":2,"scale":1.1,"icon":"forest-temperate-deciduous-2"}},{"type":"Feature","geometry":{"type":"Point","coordinates":[8.409770686460051,37.708623017465044]},"properties":{"Biome":"Temperate deciduous forest","variant":2,"scale":1.003,"icon":"forest-temperate-deciduous-2"}},{"type":"Feature","geometry":{"type":"Point","coordinates":[11.247968652269051,42.86076454216629]},"properties":{"Biome":"Temperate deciduous forest","variant":2,"scale":0.959,"icon":"forest-temperate-deciduous-2"}},{"type":"Feature","geometry":{"type":"Point","coordinates":[7.219143872480829,41.276001548763354]},"properties":{"Biome":"Temperate deciduous forest","variant":1,"scale":0.893,"icon":"forest-temperate-deciduous-1"}},{"type":"Feature","geometry":{"type":"Point","coordinates":[5.74414836319957,41.69345584366348]},"properties":{"Biome":"Temperate deciduous forest","variant":2,"scale":0.891,"icon":"forest-temperate-deciduous-2"}},{"type":"Feature","geometry":{"type":"Point","coordinates":[8.040614356552373,42.00168152944097]},"properties":{"Biome":"Temperate deciduous forest","variant":1,"scale":0.923,"icon":"forest-temperate-deciduous-1"}},{"type":"Feature","geometry":{"type":"Point","coordinates":[8.600390039724338,44.03406999875974]},"properties":{"Biome":"Temperate deciduous forest","variant":0,"scale":0.921,"icon":"forest-temperate-deciduous-0"}},{"type":"Feature","geometry":{"type":"Point","coordinates":[4.62397555905592,44.034370903812196]},"properties":{"Biome":"Temperate deciduous forest","variant":2,"scale":1.081,"icon":"forest-temperate-deciduous-2"}},{"type":"Feature","geometry":{"type":"Point","coordinates":[4.902583539139218,45.57107232866013]},"properties":{"Biome":"Temperate deciduous forest","variant":1,"scale":0.924,"icon":"forest-temperate-deciduous-1"}},{"type":"Feature","geometry":{"type":"Point","coordinates":[3.0913326072177987,45.844278344080195]},"properties":{"Biome":"Temperate deciduous forest","variant":1,"scale":0.973,"icon":"forest-temperate-deciduous-1"}},{"type":"Feature","geometry":{"type":"Point","coordinates":[10.110589206413097,45.29377456551047]},"properties":{"Biome":"Temperate deciduous forest","variant":0,"scale":0.993,"icon":"forest-temperate-deciduous-0"}},{"type":"Feature","geometry":{"type":"Point","coordinates":[18.57268236075795,11.389551556447186]},"properties":{"Biome":"Temperate deciduous forest","variant":0,"scale":1.065,"icon":"forest-temperate-deciduous-0"}},{"type":"Feature","geometry":{"type":"Point","coordinates":[21.681489114470235,13.859355372281065]},"properties":{"Biome":"Temperate deciduous forest","variant":0,"scale":1.036,"icon":"forest-temperate-deciduous-0"}},{"type":"Feature","geometry":{"type":"Point","coordinates":[19.33707360105719,12.408401217844153]},"properties":{"Biome":"Temperate deciduous forest","variant":1,"scale":1.062,"icon":"forest-temperate-deciduous-1"}},{"type":"Feature","geometry":{"type":"Point","coordinates":[21.361957269414077,14.404315227574084]},"properties":{"Biome":"Temperate deciduous forest","variant":0,"scale":0.981,"icon":"forest-temperate-deciduous-0"}},{"type":"Feature","geometry":{"type":"Point","coordinates":[17.853815593898236,12.740141365064414]},"properties":{"Biome":"Temperate deciduous forest","variant":0,"scale":1.014,"icon":"forest-temperate-deciduous-0"}},{"type":"Feature","geometry":{"type":"Point","coordinates":[17.927073807291006,17.482171869603345]},"properties":{"Biome":"Temperate deciduous forest","variant":1,"scale":1.021,"icon":"forest-temperate-deciduous-1"}},{"type":"Feature","geometry":{"type":"Point","coordinates":[15.671817046259681,18.01589607506538]},"properties":{"Biome":"Temperate deciduous forest","variant":1,"scale":0.886,"icon":"forest-temperate-deciduous-1"}},{"type":"Feature","geometry":{"type":"Point","coordinates":[15.822360119652247,22.53402576653091]},"properties":{"Biome":"Temperate deciduous forest","variant":2,"scale":0.936,"icon":"forest-temperate-deciduous-2"}},{"type":"Feature","geometry":{"type":"Point","coordinates":[15.79220554026542,22.07598654932272]},"properties":{"Biome":"Temperate deciduous forest","variant":0,"scale":1.002,"icon":"forest-temperate-deciduous-0"}},{"type":"Feature","geometry":{"type":"Point","coordinates":[15.63407004012959,17.964077431036877]},"properties":{"Biome":"Temperate deciduous forest","variant":1,"scale":0.999,"icon":"forest-temperate-deciduous-1"}},{"type":"Feature","geometry":{"type":"Point","coordinates":[16.46882611860415,17.34194257572892]},"properties":{"Biome":"Temperate deciduous forest","variant":2,"scale":1.09,"icon":"forest-temperate-deciduous-2"}},{"type":"Feature","geometry":{"type":"Point","coordinates":[17.535131129373124,17.461474747748415]},"properties":{"Biome":"Temperate deciduous forest","variant":1,"scale":0.946,"icon":"forest-temperate-deciduous-1"}},{"type":"Feature","geometry":{"type":"Point","coordinates":[21.615906660575487,15.611297946509353]},"properties":{"Biome":"Temperate deciduous forest","variant":0,"scale":1.044,"icon":"forest-temperate-deciduous-0"}},{"type":"Feature","geometry":{"type":"Point","coordinates":[15.099807791298497,16.972430277770325]},"properties":{"Biome":"Temperate deciduous forest","variant":0,"scale":0.947,"icon":"forest-temperate-deciduous-0"}},{"type":"Feature","geometry":{"type":"Point","coordinates":[14.702074687300872,19.938794857606037]},"properties":{"Biome":"Temperate deciduous forest","variant":0,"scale":0.892,"icon":"forest-temperate-deciduous-0"}},{"type":"Feature","geometry":{"type":"Point","coordinates":[21.174875690926033,21.389150611394033]},"properties":{"Biome":"Temperate deciduous forest","variant":1,"scale":0.943,"icon":"forest-temperate-deciduous-1"}},{"type":"Feature","geometry":{"type":"Point","coordinates":[26.70324782042365,21.666516377401788]},"properties":{"Biome":"Temperate deciduous forest","variant":2,"scale":1.018,"icon":"forest-temperate-deciduous-2"}},{"type":"Feature","geometry":{"type":"Point","coordinates":[18.97540023100145,21.671064751022953]},"properties":{"Biome":"Temperate deciduous forest","variant":1,"scale":1.119,"icon":"forest-temperate-deciduous-1"}},{"type":"Feature","geometry":{"type":"Point","coordinates":[17.941833382870715,33.202796163011165]},"properties":{"Biome":"Temperate deciduous forest","variant":1,"scale":0.923,"icon":"forest-temperate-deciduous-1"}},{"type":"Feature","geometry":{"type":"Point","coordinates":[20.020714035193148,34.95766992920715]},"properties":{"Biome":"Temperate deciduous forest","variant":1,"scale":1.113,"icon":"forest-temperate-deciduous-1"}},{"type":"Feature","geometry":{"type":"Point","coordinates":[18.885076393082382,38.32673712860757]},"properties":{"Biome":"Temperate deciduous forest","variant":0,"scale":0.887,"icon":"forest-temperate-deciduous-0"}},{"type":"Feature","geometry":{"type":"Point","coordinates":[22.3246998717129,37.67175946879762]},"properties":{"Biome":"Temperate deciduous forest","variant":1,"scale":1.118,"icon":"forest-temperate-deciduous-1"}},{"type":"Feature","geometry":{"type":"Point","coordinates":[21.684357563124635,35.509035037010726]},"properties":{"Biome":"Temperate deciduous forest","variant":2,"scale":1.054,"icon":"forest-temperate-deciduous-2"}},{"type":"Feature","geometry":{"type":"Point","coordinates":[29.259295706985068,-44.60376684312985]},"properties":{"Biome":"Temperate deciduous forest","variant":1,"scale":1.059,"icon":"forest-temperate-deciduous-1"}},{"type":"Feature","geometry":{"type":"Point","coordinates":[33.2947357985064,-44.7865773256334]},"properties":{"Biome":"Temperate deciduous forest","variant":0,"scale":0.992,"icon":"forest-temperate-deciduous-0"}},{"type":"Feature","geometry":{"type":"Point","coordinates":[37.59351034914872,-45.337743268616585]},"properties":{"Biome":"Temperate deciduous forest","variant":0,"scale":0.896,"icon":"forest-temperate-deciduous-0"}},{"type":"Feature","geometry":{"type":"Point","coordinates":[38.19697971669661,-44.556710581251444]},"properties":{"Biome":"Temperate deciduous forest","variant":2,"scale":1.086,"icon":"forest-temperate-deciduous-2"}},{"type":"Feature","geometry":{"type":"Point","coordinates":[34.00297757189003,-45.24177447264827]},"properties":{"Biome":"Temperate deciduous forest","variant":2,"scale":1.02,"icon":"forest-temperate-deciduous-2"}},{"type":"Feature","geometry":{"type":"Point","coordinates":[24.664602827409293,-45.85679698919898]},"properties":{"Biome":"Temperate deciduous forest","variant":0,"scale":1.059,"icon":"forest-temperate-deciduous-0"}},{"type":"Feature","geometry":{"type":"Point","coordinates":[27.881225103847164,-45.5595700665812]},"properties":{"Biome":"Temperate deciduous forest","variant":1,"scale":1.031,"icon":"forest-temperate-deciduous-1"}},{"type":"Feature","geometry":{"type":"Point","coordinates":[33.442399287878885,-44.46841396993383]},"properties":{"Biome":"Temperate deciduous forest","variant":1,"scale":1.071,"icon":"forest-temperate-deciduous-1"}},{"type":"Feature","geometry":{"type":"Point","coordinates":[24.929606019046634,7.990192002769595]},"properties":{"Biome":"Temperate deciduous forest","variant":2,"scale":0.903,"icon":"forest-temperate-deciduous-2"}},{"type":"Feature","geometry":{"type":"Point","coordinates":[23.45161710866904,7.603279630249092]},"properties":{"Biome":"Temperate deciduous forest","variant":2,"scale":1.079,"icon":"forest-temperate-deciduous-2"}},{"type":"Feature","geometry":{"type":"Point","coordinates":[25.041532230727324,7.57979346032565]},"properties":{"Biome":"Temperate deciduous forest","variant":1,"scale":0.903,"icon":"forest-temperate-deciduous-1"}},{"type":"Feature","geometry":{"type":"Point","coordinates":[27.513909399034965,7.96213847412527]},"properties":{"Biome":"Temperate deciduous forest","variant":0,"scale":1.085,"icon":"forest-temperate-deciduous-0"}},{"type":"Feature","geometry":{"type":"Point","coordinates":[21.344523293465134,8.09787619049058]},"properties":{"Biome":"Temperate deciduous forest","variant":2,"scale":0.97,"icon":"forest-temperate-deciduous-2"}},{"type":"Feature","geometry":{"type":"Point","coordinates":[23.704193194260473,10.781838989858974]},"properties":{"Biome":"Temperate deciduous forest","variant":0,"scale":0.99,"icon":"forest-temperate-deciduous-0"}},{"type":"Feature","geometry":{"type":"Point","coordinates":[25.140322867491406,11.696122579191208]},"properties":{"Biome":"Temperate deciduous forest","variant":0,"scale":1.015,"icon":"forest-temperate-deciduous-0"}},{"type":"Feature","geometry":{"type":"Point","coordinates":[24.886957153298024,14.71685523540604]},"properties":{"Biome":"Temperate deciduous forest","variant":2,"scale":0.886,"icon":"forest-temperate-deciduous-2"}},{"type":"Feature","geometry":{"type":"Point","coordinates":[25.206637517052997,14.740766441379831]},"properties":{"Biome":"Temperate deciduous forest","variant":1,"scale":0.92,"icon":"forest-temperate-deciduous-1"}},{"type":"Feature","geometry":{"type":"Point","coordinates":[22.657800721380493,14.967515815383654]},"properties":{"Biome":"Temperate deciduous forest","variant":0,"scale":1.069,"icon":"forest-temperate-deciduous-0"}},{"type":"Feature","geometry":{"type":"Point","coordinates":[19.481453359730867,24.65217557349782]},"properties":{"Biome":"Temperate deciduous forest","variant":2,"scale":0.98,"icon":"forest-temperate-deciduous-2"}},{"type":"Feature","geometry":{"type":"Point","coordinates":[25.527466664585365,30.822506034155616]},"properties":{"Biome":"Temperate deciduous forest","variant":1,"scale":0.997,"icon":"forest-temperate-deciduous-1"}},{"type":"Feature","geometry":{"type":"Point","coordinates":[29.508433537655716,5.29303959996855]},"properties":{"Biome":"Temperate deciduous forest","variant":2,"scale":1.072,"icon":"forest-temperate-deciduous-2"}},{"type":"Feature","geometry":{"type":"Point","coordinates":[31.92214904029946,6.157725116878407]},"properties":{"Biome":"Temperate deciduous forest","variant":1,"scale":1.054,"icon":"forest-temperate-deciduous-1"}},{"type":"Feature","geometry":{"type":"Point","coordinates":[32.22196692848061,6.594174231534234]},"properties":{"Biome":"Temperate deciduous forest","variant":1,"scale":0.922,"icon":"forest-temperate-deciduous-1"}},{"type":"Feature","geometry":{"type":"Point","coordinates":[32.23514176101546,22.250493235326065]},"properties":{"Biome":"Temperate deciduous forest","variant":0,"scale":0.992,"icon":"forest-temperate-deciduous-0"}},{"type":"Feature","geometry":{"type":"Point","coordinates":[34.86733698255965,20.933842507703364]},"properties":{"Biome":"Temperate deciduous forest","variant":2,"scale":0.995,"icon":"forest-temperate-deciduous-2"}},{"type":"Feature","geometry":{"type":"Point","coordinates":[33.31549045549998,22.063675626421137]},"properties":{"Biome":"Temperate deciduous forest","variant":0,"scale":1.024,"icon":"forest-temperate-deciduous-0"}},{"type":"Feature","geometry":{"type":"Point","coordinates":[32.2099453877579,21.19808687623336]},"properties":{"Biome":"Temperate deciduous forest","variant":1,"scale":0.957,"icon":"forest-temperate-deciduous-1"}},{"type":"Feature","geometry":{"type":"Point","coordinates":[28.566898938618426,22.15999395233932]},"properties":{"Biome":"Temperate deciduous forest","variant":0,"scale":0.998,"icon":"forest-temperate-deciduous-0"}},{"type":"Feature","geometry":{"type":"Point","coordinates":[35.48641608031561,20.73500096572443]},"properties":{"Biome":"Temperate deciduous forest","variant":1,"scale":0.916,"icon":"forest-temperate-deciduous-1"}},{"type":"Feature","geometry":{"type":"Point","coordinates":[39.31550902522591,21.52843355419276]},"properties":{"Biome":"Temperate deciduous forest","variant":0,"scale":1.004,"icon":"forest-temperate-deciduous-0"}},{"type":"Feature","geometry":{"type":"Point","coordinates":[38.67010083765441,21.991383074059343]},"properties":{"Biome":"Temperate deciduous forest","variant":0,"scale":1.041,"icon":"forest-temperate-deciduous-0"}},{"type":"Feature","geometry":{"type":"Point","coordinates":[34.8986251194347,27.04543426880512]},"properties":{"Biome":"Temperate deciduous forest","variant":1,"scale":0.925,"icon":"forest-temperate-deciduous-1"}},{"type":"Feature","geometry":{"type":"Point","coordinates":[32.875959825941976,27.85756530331766]},"properties":{"Biome":"Temperate deciduous forest","variant":0,"scale":1.051,"icon":"forest-temperate-deciduous-0"}},{"type":"Feature","geometry":{"type":"Point","coordinates":[33.07087557361538,27.78141167095902]},"properties":{"Biome":"Temperate deciduous forest","variant":1,"scale":0.996,"icon":"forest-temperate-deciduous-1"}},{"type":"Feature","geometry":{"type":"Point","coordinates":[40.39363731010259,-45.01437856533091]},"properties":{"Biome":"Temperate deciduous forest","variant":0,"scale":1.016,"icon":"forest-temperate-deciduous-0"}},{"type":"Feature","geometry":{"type":"Point","coordinates":[42.29081874663263,-43.93688810535964]},"properties":{"Biome":"Temperate deciduous forest","variant":2,"scale":0.958,"icon":"forest-temperate-deciduous-2"}},{"type":"Feature","geometry":{"type":"Point","coordinates":[39.50662523851884,-38.55643322618125]},"properties":{"Biome":"Temperate deciduous forest","variant":0,"scale":0.995,"icon":"forest-temperate-deciduous-0"}},{"type":"Feature","geometry":{"type":"Point","coordinates":[46.319410039594196,-19.43370801154002]},"properties":{"Biome":"Temperate deciduous forest","variant":2,"scale":1.048,"icon":"forest-temperate-deciduous-2"}},{"type":"Feature","geometry":{"type":"Point","coordinates":[86.08525399608462,-24.20984104371394]},"properties":{"Biome":"Temperate deciduous forest","variant":1,"scale":1.06,"icon":"forest-temperate-deciduous-1"}},{"type":"Feature","geometry":{"type":"Point","coordinates":[83.57244470708872,-25.253692026577312]},"properties":{"Biome":"Temperate deciduous forest","variant":0,"scale":0.947,"icon":"forest-temperate-deciduous-0"}},{"type":"Feature","geometry":{"type":"Point","coordinates":[71.72856834672353,-26.033629016115714]},"properties":{"Biome":"Temperate deciduous forest","variant":0,"scale":1.084,"icon":"forest-temperate-deciduous-0"}},{"type":"Feature","geometry":{"type":"Point","coordinates":[86.58045735872096,-24.13459969025457]},"properties":{"Biome":"Temperate deciduous forest","variant":1,"scale":1.032,"icon":"forest-temperate-deciduous-1"}},{"type":"Feature","geometry":{"type":"Point","coordinates":[67.30601222619242,-22.921777870931216]},"properties":{"Biome":"Temperate deciduous forest","variant":1,"scale":1.048,"icon":"forest-temperate-deciduous-1"}},{"type":"Feature","geometry":{"type":"Point","coordinates":[56.50173930228262,-20.853670949352725]},"properties":{"Biome":"Temperate deciduous forest","variant":1,"scale":0.987,"icon":"forest-temperate-deciduous-1"}},{"type":"Feature","geometry":{"type":"Point","coordinates":[78.18511827251443,-28.90538812743296]},"properties":{"Biome":"Temperate deciduous forest","variant":2,"scale":0.998,"icon":"forest-temperate-deciduous-2"}},{"type":"Feature","geometry":{"type":"Point","coordinates":[43.231209948013614,-17.141772423336356]},"properties":{"Biome":"Temperate deciduous forest","variant":2,"scale":1.025,"icon":"forest-temperate-deciduous-2"}},{"type":"Feature","geometry":{"type":"Point","coordinates":[40.51938016163061,-17.96623925500986]},"properties":{"Biome":"Temperate deciduous forest","variant":1,"scale":0.925,"icon":"forest-temperate-deciduous-1"}},{"type":"Feature","geometry":{"type":"Point","coordinates":[63.93826672837198,-22.42343240675631]},"properties":{"Biome":"Temperate deciduous forest","variant":0,"scale":1.051,"icon":"forest-temperate-deciduous-0"}},{"type":"Feature","geometry":{"type":"Point","coordinates":[71.1800539919838,-27.672353096330706]},"properties":{"Biome":"Temperate deciduous forest","variant":1,"scale":1.071,"icon":"forest-temperate-deciduous-1"}},{"type":"Feature","geometry":{"type":"Point","coordinates":[37.83035958564342,-18.44417721901471]},"properties":{"Biome":"Temperate deciduous forest","variant":0,"scale":0.964,"icon":"forest-temperate-deciduous-0"}},{"type":"Feature","geometry":{"type":"Point","coordinates":[47.980383611577324,-18.858988924688973]},"properties":{"Biome":"Temperate deciduous forest","variant":1,"scale":0.999,"icon":"forest-temperate-deciduous-1"}},{"type":"Feature","geometry":{"type":"Point","coordinates":[66.92149695258405,-23.204403708157873]},"properties":{"Biome":"Temperate deciduous forest","variant":0,"scale":1.105,"icon":"forest-temperate-deciduous-0"}},{"type":"Feature","geometry":{"type":"Point","coordinates":[84.1113376339496,-25.408871337441646]},"properties":{"Biome":"Temperate deciduous forest","variant":2,"scale":0.919,"icon":"forest-temperate-deciduous-2"}},{"type":"Feature","geometry":{"type":"Point","coordinates":[49.497154913270755,-19.074635729881575]},"properties":{"Biome":"Temperate deciduous forest","variant":0,"scale":1.022,"icon":"forest-temperate-deciduous-0"}},{"type":"Feature","geometry":{"type":"Point","coordinates":[71.34975183294387,-27.682536937863322]},"properties":{"Biome":"Temperate deciduous forest","variant":2,"scale":1.078,"icon":"forest-temperate-deciduous-2"}},{"type":"Feature","geometry":{"type":"Point","coordinates":[61.76501617238825,-22.987619664237176]},"properties":{"Biome":"Temperate deciduous forest","variant":0,"scale":0.938,"icon":"forest-temperate-deciduous-0"}},{"type":"Feature","geometry":{"type":"Point","coordinates":[75.80888438236224,-28.617324468076667]},"properties":{"Biome":"Temperate deciduous forest","variant":1,"scale":0.968,"icon":"forest-temperate-deciduous-1"}},{"type":"Feature","geometry":{"type":"Point","coordinates":[54.24556899569556,-20.063923645234873]},"properties":{"Biome":"Temperate deciduous forest","variant":1,"scale":0.903,"icon":"forest-temperate-deciduous-1"}},{"type":"Feature","geometry":{"type":"Point","coordinates":[54.81140322549362,-21.3651176833482]},"properties":{"Biome":"Temperate deciduous forest","variant":1,"scale":1.046,"icon":"forest-temperate-deciduous-1"}},{"type":"Feature","geometry":{"type":"Point","coordinates":[85.24466044853305,-21.846244398072745]},"properties":{"Biome":"Temperate deciduous forest","variant":1,"scale":0.914,"icon":"forest-temperate-deciduous-1"}},{"type":"Feature","geometry":{"type":"Point","coordinates":[82.45551320955003,-26.730366754099254]},"properties":{"Biome":"Temperate deciduous forest","variant":2,"scale":1.091,"icon":"forest-temperate-deciduous-2"}},{"type":"Feature","geometry":{"type":"Point","coordinates":[61.923977513988646,-21.219157550814415]},"properties":{"Biome":"Temperate deciduous forest","variant":2,"scale":1.098,"icon":"forest-temperate-deciduous-2"}},{"type":"Feature","geometry":{"type":"Point","coordinates":[76.67744494220517,-29.106876548239168]},"properties":{"Biome":"Temperate deciduous forest","variant":1,"scale":1.031,"icon":"forest-temperate-deciduous-1"}},{"type":"Feature","geometry":{"type":"Point","coordinates":[41.034162259944175,-19.6024936554116]},"properties":{"Biome":"Temperate deciduous forest","variant":1,"scale":1.061,"icon":"forest-temperate-deciduous-1"}},{"type":"Feature","geometry":{"type":"Point","coordinates":[84.10132228541192,-22.643055251228777]},"properties":{"Biome":"Temperate deciduous forest","variant":1,"scale":0.935,"icon":"forest-temperate-deciduous-1"}},{"type":"Feature","geometry":{"type":"Point","coordinates":[84.29968279029215,-27.511051912378083]},"properties":{"Biome":"Temperate deciduous forest","variant":2,"scale":0.893,"icon":"forest-temperate-deciduous-2"}},{"type":"Feature","geometry":{"type":"Point","coordinates":[50.979887046017424,-20.380430249610267]},"properties":{"Biome":"Temperate deciduous forest","variant":1,"scale":1.053,"icon":"forest-temperate-deciduous-1"}},{"type":"Feature","geometry":{"type":"Point","coordinates":[81.02839203980716,-26.57563943808832]},"properties":{"Biome":"Temperate deciduous forest","variant":2,"scale":0.912,"icon":"forest-temperate-deciduous-2"}},{"type":"Feature","geometry":{"type":"Point","coordinates":[53.31263813724323,-19.74649083654752]},"properties":{"Biome":"Temperate deciduous forest","variant":2,"scale":1.035,"icon":"forest-temperate-deciduous-2"}},{"type":"Feature","geometry":{"type":"Point","coordinates":[86.71994383473641,-26.313034651573446]},"properties":{"Biome":"Temperate deciduous forest","variant":1,"scale":1.112,"icon":"forest-temperate-deciduous-1"}},{"type":"Feature","geometry":{"type":"Point","coordinates":[67.46131279573864,-23.595872533868473]},"properties":{"Biome":"Temperate deciduous forest","variant":2,"scale":1.115,"icon":"forest-temperate-deciduous-2"}},{"type":"Feature","geometry":{"type":"Point","coordinates":[85.52384339959585,-28.195454354201555]},"properties":{"Biome":"Temperate deciduous forest","variant":0,"scale":0.982,"icon":"forest-temperate-deciduous-0"}},{"type":"Feature","geometry":{"type":"Point","coordinates":[71.99232003296119,-28.513382978395235]},"properties":{"Biome":"Temperate deciduous forest","variant":2,"scale":1.004,"icon":"forest-temperate-deciduous-2"}},{"type":"Feature","geometry":{"type":"Point","coordinates":[81.76356250413667,-26.34179481752921]},"properties":{"Biome":"Temperate deciduous forest","variant":0,"scale":0.992,"icon":"forest-temperate-deciduous-0"}},{"type":"Feature","geometry":{"type":"Point","coordinates":[45.5027130881944,-19.778595751621854]},"properties":{"Biome":"Temperate deciduous forest","variant":1,"scale":0.926,"icon":"forest-temperate-deciduous-1"}},{"type":"Feature","geometry":{"type":"Point","coordinates":[64.1078000625329,-24.882471145813824]},"properties":{"Biome":"Temperate deciduous forest","variant":0,"scale":0.916,"icon":"forest-temperate-deciduous-0"}},{"type":"Feature","geometry":{"type":"Point","coordinates":[87.0910201392545,-21.24431274120028]},"properties":{"Biome":"Temperate deciduous forest","variant":2,"scale":1.015,"icon":"forest-temperate-deciduous-2"}},{"type":"Feature","geometry":{"type":"Point","coordinates":[71.51142278384746,-27.814980093488966]},"properties":{"Biome":"Temperate deciduous forest","variant":0,"scale":0.886,"icon":"forest-temperate-deciduous-0"}},{"type":"Feature","geometry":{"type":"Point","coordinates":[82.54406577975794,-26.98946552663543]},"properties":{"Biome":"Temperate deciduous forest","variant":2,"scale":1.029,"icon":"forest-temperate-deciduous-2"}},{"type":"Feature","geometry":{"type":"Point","coordinates":[63.07031203253179,-22.10042611807665]},"properties":{"Biome":"Temperate deciduous forest","variant":1,"scale":0.934,"icon":"forest-temperate-deciduous-1"}},{"type":"Feature","geometry":{"type":"Point","coordinates":[75.19229415339618,-26.440973305035595]},"properties":{"Biome":"Temperate deciduous forest","variant":0,"scale":0.931,"icon":"forest-temperate-deciduous-0"}},{"type":"Feature","geometry":{"type":"Point","coordinates":[80.99971820818735,-22.460440386184718]},"properties":{"Biome":"Temperate deciduous forest","variant":2,"scale":0.963,"icon":"forest-temperate-deciduous-2"}},{"type":"Feature","geometry":{"type":"Point","coordinates":[84.59749445505332,-27.660116238314394]},"properties":{"Biome":"Temperate deciduous forest","variant":0,"scale":0.974,"icon":"forest-temperate-deciduous-0"}},{"type":"Feature","geometry":{"type":"Point","coordinates":[71.35822169203264,-25.003795213176122]},"properties":{"Biome":"Temperate deciduous forest","variant":2,"scale":0.914,"icon":"forest-temperate-deciduous-2"}},{"type":"Feature","geometry":{"type":"Point","coordinates":[55.39604650431217,-21.02976114923226]},"properties":{"Biome":"Temperate deciduous forest","variant":2,"scale":0.901,"icon":"forest-temperate-deciduous-2"}},{"type":"Feature","geometry":{"type":"Point","coordinates":[61.36719972428738,-23.187783248437245]},"properties":{"Biome":"Temperate deciduous forest","variant":0,"scale":1.064,"icon":"forest-temperate-deciduous-0"}},{"type":"Feature","geometry":{"type":"Point","coordinates":[83.98445296660174,-23.946664527074216]},"properties":{"Biome":"Temperate deciduous forest","variant":0,"scale":1.095,"icon":"forest-temperate-deciduous-0"}},{"type":"Feature","geometry":{"type":"Point","coordinates":[84.69017529595499,-22.490242309104005]},"properties":{"Biome":"Temperate deciduous forest","variant":1,"scale":0.915,"icon":"forest-temperate-deciduous-1"}},{"type":"Feature","geometry":{"type":"Point","coordinates":[84.42477850342016,-27.295471893820036]},"properties":{"Biome":"Temperate deciduous forest","variant":2,"scale":1.056,"icon":"forest-temperate-deciduous-2"}},{"type":"Feature","geometry":{"type":"Point","coordinates":[84.63348670768865,-22.691930217310176]},"properties":{"Biome":"Temperate deciduous forest","variant":1,"scale":1.051,"icon":"forest-temperate-deciduous-1"}},{"type":"Feature","geometry":{"type":"Point","coordinates":[84.17517086414942,-20.53967158328498]},"properties":{"Biome":"Temperate deciduous forest","variant":0,"scale":1.092,"icon":"forest-temperate-deciduous-0"}},{"type":"Feature","geometry":{"type":"Point","coordinates":[72.32772594553282,-26.894756095743706]},"properties":{"Biome":"Temperate deciduous forest","variant":2,"scale":0.933,"icon":"forest-temperate-deciduous-2"}},{"type":"Feature","geometry":{"type":"Point","coordinates":[57.51507834301561,-21.3588282859641]},"properties":{"Biome":"Temperate deciduous forest","variant":2,"scale":0.987,"icon":"forest-temperate-deciduous-2"}},{"type":"Feature","geometry":{"type":"Point","coordinates":[84.66725372420633,-25.412945004536045]},"properties":{"Biome":"Temperate deciduous forest","variant":1,"scale":1.054,"icon":"forest-temperate-deciduous-1"}},{"type":"Feature","geometry":{"type":"Point","coordinates":[85.44032198510901,-27.595952738477365]},"properties":{"Biome":"Temperate deciduous forest","variant":2,"scale":0.973,"icon":"forest-temperate-deciduous-2"}},{"type":"Feature","geometry":{"type":"Point","coordinates":[78.11623490330787,-28.888981338083052]},"properties":{"Biome":"Temperate deciduous forest","variant":2,"scale":1.0,"icon":"forest-temperate-deciduous-2"}},{"type":"Feature","geometry":{"type":"Point","coordinates":[73.41347010162029,-27.193761270162213]},"properties":{"Biome":"Temperate deciduous forest","variant":0,"scale":0.993,"icon":"forest-temperate-deciduous-0"}},{"type":"Feature","geometry":{"type":"Point","coordinates":[51.044719858947815,-21.644010463878494]},"properties":{"Biome":"Temperate deciduous forest","variant":1,"scale":0.927,"icon":"forest-temperate-deciduous-1"}},{"type":"Feature","geometry":{"type":"Point","coordinates":[74.98751518241014,-28.926327032539135]},"properties":{"Biome":"Temperate deciduous forest","variant":0,"scale":1.044,"icon":"forest-temperate-deciduous-0"}},{"type":"Feature","geometry":{"type":"Point","coordinates":[84.68097211853294,-24.12906225830497]},"properties":{"Biome":"Temperate deciduous forest","variant":0,"scale":1.062,"icon":"forest-temperate-deciduous-0"}},{"type":"Feature","geometry":{"type":"Point","coordinates":[42.91395540594713,-18.50874380005932]},"properties":{"Biome":"Temperate deciduous forest","variant":1,"scale":0.926,"icon":"forest-temperate-deciduous-1"}},{"type":"Feature","geometry":{"type":"Point","coordinates":[79.30682422475613,-26.382899519325733]},"properties":{"Biome":"Temperate deciduous forest","variant":2,"scale":0.882,"icon":"forest-temperate-deciduous-2"}},{"type":"Feature","geometry":{"type":"Point","coordinates":[85.19086865750687,-27.55655881905564]},"properties":{"Biome":"Temperate deciduous forest","variant":1,"scale":0.91,"icon":"forest-temperate-deciduous-1"}},{"type":"Feature","geometry":{"type":"Point","coordinates":[50.33315810657743,-20.08345863518931]},"properties":{"Biome":"Temperate deciduous forest","variant":0,"scale":0.96,"icon":"forest-temperate-deciduous-0"}},{"type":"Feature","geometry":{"type":"Point","coordinates":[39.01249085807898,23.86184631880938]},"properties":{"Biome":"Temperate deciduous forest","variant":0,"scale":1.018,"icon":"forest-temperate-deciduous-0"}},{"type":"Feature","geometry":{"type":"Point","coordinates":[36.555339577467215,25.959669943436936]},"properties":{"Biome":"Temperate deciduous forest","variant":2,"scale":1.099,"icon":"forest-temperate-deciduous-2"}},{"type":"Feature","geometry":{"type":"Point","coordinates":[37.55806943205018,27.13557056071452]},"properties":{"Biome":"Temperate deciduous forest","variant":0,"scale":0.893,"icon":"forest-temperate-deciduous-0"}},{"type":"Feature","geometry":{"type":"Point","coordinates":[43.48913399595285,28.078835261188104]},"properties":{"Biome":"Temperate deciduous forest","variant":2,"scale":1.015,"icon":"forest-temperate-deciduous-2"}},{"type":"Feature","geometry":{"type":"Point","coordinates":[42.663016708965934,28.375079266337494]},"properties":{"Biome":"Temperate deciduous forest","variant":1,"scale":1.004,"icon":"forest-temperate-deciduous-1"}},{"type":"Feature","geometry":{"type":"Point","coordinates":[51.97723793012808,20.75043821538789]},"properties":{"Biome":"Temperate deciduous forest","variant":1,"scale":0.995,"icon":"forest-temperate-deciduous-1"}},{"type":"Feature","geometry":{"type":"Point","coordinates":[50.10506924348501,22.079248460548673]},"properties":{"Biome":"Temperate deciduous forest","variant":1,"scale":0.953,"icon":"forest-temperate-deciduous-1"}},{"type":"Feature","geometry":{"type":"Point","coordinates":[49.87225462330671,21.118072516781837]},"properties":{"Biome":"Temperate deciduous forest","variant":1,"scale":1.027,"icon":"forest-temperate-deciduous-1"}},{"type":"Feature","geometry":{"type":"Point","coordinates":[52.557759780753365,21.758716494032075]},"properties":{"Biome":"Temperate deciduous forest","variant":0,"scale":0.989,"icon":"forest-temperate-deciduous-0"}},{"type":"Feature","geometry":{"type":"Point","coordinates":[46.005862742960495,22.499388077450412]},"properties":{"Biome":"Temperate deciduous forest","variant":0,"scale":1.057,"icon":"forest-temperate-deciduous-0"}},{"type":"Feature","geometry":{"type":"Point","coordinates":[54.86916637246488,23.25086409104477]},"properties":{"Biome":"Temperate deciduous forest","variant":0,"scale":0.942,"icon":"forest-temperate-deciduous-0"}},{"type":"Feature","geometry":{"type":"Point","coordinates":[52.51367749117116,25.307769438077326]},"properties":{"Biome":"Temperate deciduous forest","variant":1,"scale":0.969,"icon":"forest-temperate-deciduous-1"}},{"type":"Feature","geometry":{"type":"Point","coordinates":[49.934175554910084,27.36722439247026]},"properties":{"Biome":"Temperate deciduous forest","variant":0,"scale":0.969,"icon":"forest-temperate-deciduous-0"}},{"type":"Feature","geometry":{"type":"Point","coordinates":[49.16343914259043,27.173291140069527]},"properties":{"Biome":"Temperate deciduous forest","variant":1,"scale":0.904,"icon":"forest-temperate-deciduous-1"}},{"type":"Feature","geometry":{"type":"Point","coordinates":[52.221017906785136,27.07230549636081]},"properties":{"Biome":"Temperate deciduous forest","variant":2,"scale":0.901,"icon":"forest-temperate-deciduous-2"}},{"type":"Feature","geometry":{"type":"Point","coordinates":[64.31458817629186,-20.55134170575903]},"properties":{"Biome":"Temperate deciduous forest","variant":1,"scale":1.065,"icon":"forest-temperate-deciduous-1"}},{"type":"Feature","geometry":{"type":"Point","coordinates":[55.41630178592142,8.815735958724385]},"properties":{"Biome":"Temperate deciduous forest","variant":1,"scale":1.102,"icon":"forest-temperate-deciduous-1"}},{"type":"Feature","geometry":{"type":"Point","coordinates":[58.66235700373781,20.559487381923873]},"properties":{"Biome":"Temperate deciduous forest","variant":1,"scale":0.893,"icon":"forest-temperate-deciduous-1"}},{"type":"Feature","geometry":{"type":"Point","coordinates":[54.90117915713546,21.870338158456462]},"properties":{"Biome":"Temperate deciduous forest","variant":1,"scale":0.928,"icon":"forest-temperate-deciduous-1"}},{"type":"Feature","geometry":{"type":"Point","coordinates":[61.0282620106923,23.128454435165267]},"properties":{"Biome":"Temperate deciduous forest","variant":1,"scale":1.08,"icon":"forest-temperate-deciduous-1"}},{"type":"Feature","geometry":{"type":"Point","coordinates":[56.12247504102329,22.72066907019196]},"properties":{"Biome":"Temperate deciduous forest","variant":0,"scale":0.969,"icon":"forest-temperate-deciduous-0"}},{"type":"Feature","geometry":{"type":"Point","coordinates":[58.82023047916556,24.318839826044822]},"properties":{"Biome":"Temperate deciduous forest","variant":0,"scale":0.911,"icon":"forest-temperate-deciduous-0"}},{"type":"Feature","geometry":{"type":"Point","coordinates":[55.27599492319289,24.44501895009096]},"properties":{"Biome":"Temperate deciduous forest","variant":2,"scale":1.118,"icon":"forest-temperate-deciduous-2"}},{"type":"Feature","geometry":{"type":"Point","coordinates":[61.57182777963139,25.178156916401033]},"properties":{"Biome":"Temperate deciduous forest","variant":2,"scale":1.0,"icon":"forest-temperate-deciduous-2"}},{"type":"Feature","geometry":{"type":"Point","coordinates":[58.509139666375,25.53347013342686]},"properties":{"Biome":"Temperate deciduous forest","variant":2,"scale":1.019,"icon":"forest-temperate-deciduous-2"}},{"type":"Feature","geometry":{"type":"Point","coordinates":[56.25023636774755,25.759289062107772]},"properties":{"Biome":"Temperate deciduous forest","variant":2,"scale":0.883,"icon":"forest-temperate-deciduous-2"}},{"type":"Feature","geometry":{"type":"Point","coordinates":[68.49446537737596,-27.344958414441003]},"properties":{"Biome":"Temperate deciduous forest","variant":2,"scale":0.918,"icon":"forest-temperate-deciduous-2"}},{"type":"Feature","geometry":{"type":"Point","coordinates":[66.64053698262036,-27.573467170109915]},"properties":{"Biome":"Temperate deciduous forest","variant":2,"scale":0.941,"icon":"forest-temperate-deciduous-2"}},{"type":"Feature","geometry":{"type":"Point","coordinates":[78.68352192874893,-17.828232999820763]},"properties":{"Biome":"Temperate deciduous forest","variant":2,"scale":0.964,"icon":"forest-temperate-deciduous-2"}},{"type":"Feature","geometry":{"type":"Point","coordinates":[78.91714711745307,-18.999654267409515]},"properties":{"Biome":"Temperate deciduous forest","variant":1,"scale":0.922,"icon":"forest-temperate-deciduous-1"}},{"type":"Feature","geometry":{"type":"Point","coordinates":[76.93377273017008,-17.937373808123052]},"properties":{"Biome":"Temperate deciduous forest","variant":0,"scale":0.945,"icon":"forest-temperate-deciduous-0"}},{"type":"Feature","geometry":{"type":"Point","coordinates":[79.79955401128132,-22.8222069444737]},"properties":{"Biome":"Temperate deciduous forest","variant":1,"scale":0.98,"icon":"forest-temperate-deciduous-1"}},{"type":"Feature","geometry":{"type":"Point","coordinates":[79.35129359319713,-22.229806418149305]},"properties":{"Biome":"Temperate deciduous forest","variant":0,"scale":0.95,"icon":"forest-temperate-deciduous-0"}},{"type":"Feature","geometry":{"type":"Point","coordinates":[78.62126538550989,-20.794334831156377]},"properties":{"Biome":"Temperate deciduous forest","variant":2,"scale":1.036,"icon":"forest-temperate-deciduous-2"}},{"type":"Feature","geometry":{"type":"Point","coordinates":[82.6556202689563,-20.35556612722773]},"properties":{"Biome":"Temperate deciduous forest","variant":1,"scale":1.026,"icon":"forest-temperate-deciduous-1"}},{"type":"Feature","geometry":{"type":"Point","coordinates":[86.12499723339717,-30.051154061685327]},"properties":{"Biome":"Temperate deciduous forest","variant":2,"scale":1.041,"icon":"forest-temperate-deciduous-2"}},{"type":"Feature","geometry":{"type":"Point","coordinates":[89.37077690166106,-29.73446032189035]},"properties":{"Biome":"Temperate deciduous forest","variant":0,"scale":1.006,"icon":"forest-temperate-deciduous-0"}},{"type":"Feature","geometry":{"type":"Point","coordinates":[86.5760861476894,-18.926752262319194]},"properties":{"Biome":"Temperate deciduous forest","variant":2,"scale":1.118,"icon":"forest-temperate-deciduous-2"}},{"type":"Feature","geometry":{"type":"Point","coordinates":[84.17878381600376,-19.303548956481833]},"properties":{"Biome":"Temperate deciduous forest","variant":2,"scale":1.007,"icon":"forest-temperate-deciduous-2"}},{"type":"Feature","geometry":{"type":"Point","coordinates":[-55.74690749686723,-50.919060061643165]},"properties":{"Biome":"Taiga","variant":2,"scale":1.009,"icon":"forest-taiga-2"}},{"type":"Feature","geometry":{"type":"Point","coordinates":[-56.35815985814658,-50.20006098692853]},"properties":{"Biome":"Taiga","variant":1,"scale":0.93,"icon":"forest-taiga-1"}},{"type":"Feature","geometry":{"type":"Point","coordinates":[-55.19374215993409,-49.10950236724753]},"properties":{"Biome":"Taiga","variant":2,"scale":1.112,"icon":"forest-taiga-2"}},{"type":"Feature","geometry":{"type":"Point","coordinates":[-54.67697222735884,-48.67445037506902]},"properties":{"Biome":"Taiga","variant":0,"scale":1.098,"icon":"forest-taiga-0"}},{"type":"Feature","geometry":{"type":"Point","coordinates":[-51.520788440249675,-46.97815463323912]},"properties":{"Biome":"Taiga","variant":0,"scale":1.083,"icon":"forest-taiga-0"}},{"type":"Feature","geometry":{"type":"Point","coordinates":[-77.25342040072844,-36.62793323753439]},"properties":{"Biome":"Taiga","variant":0,"scale":1.022,"icon":"forest-taiga-0"}},{"type":"Feature","geometry":{"type":"Point","coordinates":[-79.09631094623253,-37.276257385927224]},"properties":{"Biome":"Taiga","variant":0,"scale":1.035,"icon":"forest-taiga-0"}},{"type":"Feature","geometry":{"type":"Point","coordinates":[-61.54951846143865,-35.17496832006429]},"properties":{"Biome":"Taiga","variant":2,"scale":1.023,"icon":"forest-taiga-2"}},{"type":"Feature","geometry":{"type":"Point","coordinates":[-50.8502971985989,-33.724366709463375]},"properties":{"Biome":"Taiga","variant":0,"scale":1.018,"icon":"forest-taiga-0"}},{"type":"Feature","geometry":{"type":"Point","coordinates":[-75.83741579874608,-26.777274739547654]},"properties":{"Biome":"Taiga","variant":1,"scale":0.95,"icon":"forest-taiga-1"}},{"type":"Feature","geometry":{"type":"Point","coordinates":[-76.64295116278994,-16.974751684289433]},"properties":{"Biome":"Taiga","variant":2,"scale":1.033,"icon":"forest-taiga-2"}},{"type":"Feature","geometry":{"type":"Point","coordinates":[-59.78773578149463,23.70410140201959]},"properties":{"Biome":"Taiga","variant":2,"scale":1.087,"icon":"forest-taiga-2"}},{"type":"Feature","geometry":{"type":"Point","coordinates":[-58.649816411810015,37.50840222655056]},"properties":{"Biome":"Taiga","variant":0,"scale":1.036,"icon":"forest-taiga-0"}},{"type":"Feature","geometry":{"type":"Point","coordinates":[-61.10068676146315,38.978775130621436]},"properties":{"Biome":"Taiga","variant":1,"scale":1.103,"icon":"forest-taiga-1"}},{"type":"Feature","geometry":{"type":"Point","coordinates":[-62.182097133158535,41.81017416502295]},"properties":{"Biome":"Taiga","variant":1,"scale":1.111,"icon":"forest-taiga-1"}},{"type":"Feature","geometry":{"type":"Point","coordinates":[-69.78742667590785,41.57923749314267]},"properties":{"Biome":"Taiga","variant":0,"scale":0.974,"icon":"forest-taiga-0"}},{"type":"Feature","geometry":{"type":"Point","coordinates":[-66.01801118633121,41.812912512589826]},"properties":{"Biome":"Taiga","variant":1,"scale":0.981,"icon":"forest-taiga-1"}},{"type":"Feature","geometry":{"type":"Point","coordinates":[-48.32020125820383,-51.068209999739864]},"properties":{"Biome":"Taiga","variant":0,"scale":0.976,"icon":"forest-taiga-0"}},{"type":"Feature","geometry":{"type":"Point","coordinates":[-46.88612141953171,-49.17472499946851]},"properties":{"Biome":"Taiga","variant":1,"scale":0.991,"icon":"forest-taiga-1"}},{"type":"Feature","geometry":{"type":"Point","coordinates":[-48.53295757748429,-47.34003007618012]},"properties":{"Biome":"Taiga","variant":0,"scale":1.041,"icon":"forest-taiga-0"}},{"type":"Feature","geometry":{"type":"Point","coordinates":[-31.333557432361477,-33.862130658058675]},"properties":{"Biome":"Taiga","variant":0,"scale":1.061,"icon":"forest-taiga-0"}},{"type":"Feature","geometry":{"type":"Point","coordinates":[-31.308554050178675,-33.54984671298145]},"properties":{"Biome":"Taiga","variant":0,"scale":0.91,"icon":"forest-taiga-0"}},{"type":"Feature","geometry":{"type":"Point","coordinates":[-40.75105494826696,-32.21207218640371]},"properties":{"Biome":"Taiga","variant":2,"scale":1.007,"icon":"forest-taiga-2"}},{"type":"Feature","geometry":{"type":"Point","coordinates":[-43.51944385723119,-31.724120280121276]},"properties":{"Biome":"Taiga","variant":1,"scale":0.89,"icon":"forest-taiga-1"}},{"type":"Feature","geometry":{"type":"Point","coordinates":[-20.881244666302486,-31.09958758827569]},"properties":{"Biome":"Taiga","variant":1,"scale":1.046,"icon":"forest-taiga-1"}},{"type":"Feature","geometry":{"type":"Point","coordinates":[-43.297484578937954,-29.730310259044106]},"properties":{"Biome":"Taiga","variant":0,"scale":1.021,"icon":"forest-taiga-0"}},{"type":"Feature","geometry":{"type":"Point","coordinates":[-19.730436009222117,-29.994992019585744]},"properties":{"Biome":"Taiga","variant":0,"scale":0.907,"icon":"forest-taiga-0"}},{"type":"Feature","geometry":{"type":"Point","coordinates":[-21.325621181382992,16.31047497794102]},"properties":{"Biome":"Taiga","variant":0,"scale":1.1,"icon":"forest-taiga-0"}},{"type":"Feature","geometry":{"type":"Point","coordinates":[-21.33004549312375,17.190051614353532]},"properties":{"Biome":"Taiga","variant":1,"scale":0.907,"icon":"forest-taiga-1"}},{"type":"Feature","geometry":{"type":"Point","coordinates":[-41.928009177398096,27.480778778642648]},"properties":{"Biome":"Taiga","variant":0,"scale":0.989,"icon":"forest-taiga-0"}},{"type":"Feature","geometry":{"type":"Point","coordinates":[-41.93912950734069,27.8666106788409]},"properties":{"Biome":"Taiga","variant":2,"scale":0.931,"icon":"forest-taiga-2"}},{"type":"Feature","geometry":{"type":"Point","coordinates":[-6.231877254964494,42.26819056563923]},"properties":{"Biome":"Taiga","variant":2,"scale":1.105,"icon":"forest-taiga-2"}},{"type":"Feature","geometry":{"type":"Point","coordinates":[-16.801692487418492,44.43995144843996]},"properties":{"Biome":"Taiga","variant":2,"scale":0.949,"icon":"forest-taiga-2"}},{"type":"Feature","geometry":{"type":"Point","coordinates":[-14.97332516000826,42.42262500758515]},"properties":{"Biome":"Taiga","variant":1,"scale":0.916,"icon":"forest-taiga-1"}},{"type":"Feature","geometry":{"type":"Point","coordinates":[-16.42338573264978,41.78814463747765]},"properties":{"Biome":"Taiga","variant":2,"scale":1.0,"icon":"forest-taiga-2"}},{"type":"Feature","geometry":{"type":"Point","coordinates":[-17.36862807729168,42.038383055453124]},"properties":{"Biome":"Taiga","variant":1,"scale":1.111,"icon":"forest-taiga-1"}},{"type":"Feature","geometry":{"type":"Point","coordinates":[-8.325030445275614,42.87217016600301]},"properties":{"Biome":"Taiga","variant":1,"scale":1.082,"icon":"forest-taiga-1"}},{"type":"Feature","geometry":{"type":"Point","coordinates":[-13.73633659649586,42.4121807053264]},"properties":{"Biome":"Taiga","variant":1,"scale":0.977,"icon":"forest-taiga-1"}},{"type":"Feature","geometry":{"type":"Point","coordinates":[-13.07805892990742,43.36411621245285]},"properties":{"Biome":"Taiga","variant":2,"scale":1.07,"icon":"forest-taiga-2"}},{"type":"Feature","geometry":{"type":"Point","coordinates":[-5.182818013338191,41.80662462818967]},"properties":{"Biome":"Taiga","variant":2,"scale":1.013,"icon":"forest-taiga-2"}},{"type":"Feature","geometry":{"type":"Point","coordinates":[-10.489726252497269,42.93607202518795]},"properties":{"Biome":"Taiga","variant":2,"scale":0.889,"icon":"forest-taiga-2"}},{"type":"Feature","geometry":{"type":"Point","coordinates":[-11.83159228421375,41.132053483773745]},"properties":{"Biome":"Taiga","variant":2,"scale":0.887,"icon":"forest-taiga-2"}},{"type":"Feature","geometry":{"type":"Point","coordinates":[-14.335019927040769,43.827371832440846]},"properties":{"Biome":"Taiga","variant":0,"scale":1.026,"icon":"forest-taiga-0"}},{"type":"Feature","geometry":{"type":"Point","coordinates":[-18.97868118870566,43.647263897378494]},"properties":{"Biome":"Taiga","variant":0,"scale":0.952,"icon":"forest-taiga-0"}},{"type":"Feature","geometry":{"type":"Point","coordinates":[-7.582647211417297,43.97808581496009]},"properties":{"Biome":"Taiga","variant":0,"scale":0.905,"icon":"forest-taiga-0"}},{"type":"Feature","geometry":{"type":"Point","coordinates":[-10.366451710752036,42.47343849582371]},"properties":{"Biome":"Taiga","variant":2,"scale":1.021,"icon":"forest-taiga-2"}},{"type":"Feature","geometry":{"type":"Point","coordinates":[-18.748290393152338,42.10997523092802]},"properties":{"Biome":"Taiga","variant":2,"scale":0.897,"icon":"forest-taiga-2"}},{"type":"Feature","geometry":{"type":"Point","coordinates":[-10.868931030117146,41.449064482105825]},"properties":{"Biome":"Taiga","variant":1,"scale":1.037,"icon":"forest-taiga-1"}},{"type":"Feature","geometry":{"type":"Point","coordinates":[-11.17850371851278,41.44267983207265]},"properties":{"Biome":"Taiga","variant":2,"scale":0.965,"icon":"forest-taiga-2"}},{"type":"Feature","geometry":{"type":"Point","coordinates":[-18.890368899033273,45.03913296367232]},"properties":{"Biome":"Taiga","variant":2,"scale":0.937,"icon":"forest-taiga-2"}},{"type":"Feature","geometry":{"type":"Point","coordinates":[-13.00797477748969,43.002142064016255]},"properties":{"Biome":"Taiga","variant":2,"scale":1.042,"icon":"forest-taiga-2"}},{"type":"Feature","geometry":{"type":"Point","coordinates":[-15.439918009827526,43.279152355306906]},"properties":{"Biome":"Taiga","variant":2,"scale":0.923,"icon":"forest-taiga-2"}},{"type":"Feature","geometry":{"type":"Point","coordinates":[-16.363215464872113,42.35126140755635]},"properties":{"Biome":"Taiga","variant":2,"scale":0.997,"icon":"forest-taiga-2"}},{"type":"Feature","geometry":{"type":"Point","coordinates":[-20.049475707374214,41.85772959141766]},"properties":{"Biome":"Taiga","variant":0,"scale":0.967,"icon":"forest-taiga-0"}},{"type":"Feature","geometry":{"type":"Point","coordinates":[-14.281613858414717,35.89852903925553]},"properties":{"Biome":"Taiga","variant":1,"scale":0.889,"icon":"forest-taiga-1"}},{"type":"Feature","geometry":{"type":"Point","coordinates":[-12.363004632308897,37.49985378005165]},"properties":{"Biome":"Taiga","variant":0,"scale":1.098,"icon":"forest-taiga-0"}},{"type":"Feature","geometry":{"type":"Point","coordinates":[-16.594137687942595,35.82517825132866]},"properties":{"Biome":"Taiga","variant":0,"scale":0.967,"icon":"forest-taiga-0"}},{"type":"Feature","geometry":{"type":"Point","coordinates":[-14.805134305127671,39.84954843146979]},"properties":{"Biome":"Taiga","variant":1,"scale":1.102,"icon":"forest-taiga-1"}},{"type":"Feature","geometry":{"type":"Point","coordinates":[-17.36419389790303,49.300064050392294]},"properties":{"Biome":"Taiga","variant":2,"scale":1.08,"icon":"forest-taiga-2"}},{"type":"Feature","geometry":{"type":"Point","coordinates":[-12.690836173516768,-31.106441702740558]},"properties":{"Biome":"Taiga","variant":1,"scale":0.92,"icon":"forest-taiga-1"}},{"type":"Feature","geometry":{"type":"Point","coordinates":[-9.685552287196353,38.62644196464872]},"properties":{"Biome":"Taiga","variant":0,"scale":1.101,"icon":"forest-taiga-0"}},{"type":"Feature","geometry":{"type":"Point","coordinates":[-2.615340190237197,-42.028219518043095]},"properties":{"Biome":"Taiga","variant":0,"scale":1.082,"icon":"forest-taiga-0"}},{"type":"Feature","geometry":{"type":"Point","coordinates":[-1.3586021134812014,-40.63077995441138]},"properties":{"Biome":"Taiga","variant":2,"scale":0.927,"icon":"forest-taiga-2"}},{"type":"Feature","geometry":{"type":"Point","coordinates":[-1.6805652739290518,-39.461145878196994]},"properties":{"Biome":"Taiga","variant":2,"scale":1.101,"icon":"forest-taiga-2"}},{"type":"Feature","geometry":{"type":"Point","coordinates":[-0.9311617508543862,-36.70907267174991]},"properties":{"Biome":"Taiga","variant":1,"scale":1.062,"icon":"forest-taiga-1"}},{"type":"Feature","geometry":{"type":"Point","coordinates":[4.045271206089207,-36.024100536306186]},"properties":{"Biome":"Taiga","variant":1,"scale":0.928,"icon":"forest-taiga-1"}},{"type":"Feature","geometry":{"type":"Point","coordinates":[0.5352545261493372,-32.70667763469633]},"properties":{"Biome":"Taiga","variant":2,"scale":0.914,"icon":"forest-taiga-2"}},{"type":"Feature","geometry":{"type":"Point","coordinates":[2.639462668633703,-35.934448843562706]},"properties":{"Biome":"Taiga","variant":2,"scale":1.112,"icon":"forest-taiga-2"}},{"type":"Feature","geometry":{"type":"Point","coordinates":[-4.3166983004361,-32.39508173446614]},"properties":{"Biome":"Taiga","variant":2,"scale":1.1,"icon":"forest-taiga-2"}},{"type":"Feature","geometry":{"type":"Point","coordinates":[-5.944164595463434,-32.170679682372175]},"properties":{"Biome":"Taiga","variant":0,"scale":0.94,"icon":"forest-taiga-0"}},{"type":"Feature","geometry":{"type":"Point","coordinates":[-7.986313970491014,-32.16891217263827]},"properties":{"Biome":"Taiga","variant":2,"scale":1.119,"icon":"forest-taiga-2"}},{"type":"Feature","geometry":{"type":"Point","coordinates":[-5.408200825268989,-31.99919088643385]},"properties":{"Biome":"Taiga","variant":0,"scale":0.995,"icon":"forest-taiga-0"}},{"type":"Feature","geometry":{"type":"Point","coordinates":[1.613701400549199,-31.78682453886505]},"properties":{"Biome":"Taiga","variant":1,"scale":0.897,"icon":"forest-taiga-1"}},{"type":"Feature","geometry":{"type":"Point","coordinates":[-2.5391176343896356,-30.660652561540825]},"properties":{"Biome":"Taiga","variant":2,"scale":1.035,"icon":"forest-taiga-2"}},{"type":"Feature","geometry":{"type":"Point","coordinates":[-5.401961399462062,-29.831470381765918]},"properties":{"Biome":"Taiga","variant":2,"scale":1.057,"icon":"forest-taiga-2"}},{"type":"Feature","geometry":{"type":"Point","coordinates":[1.744175426385331,-41.050139656600074]},"properties":{"Biome":"Taiga","variant":1,"scale":0.899,"icon":"forest-taiga-1"}},{"type":"Feature","geometry":{"type":"Point","coordinates":[0.9570433910067091,-39.835692705269]},"properties":{"Biome":"Taiga","variant":2,"scale":0.908,"icon":"forest-taiga-2"}},{"type":"Feature","geometry":{"type":"Point","coordinates":[27.785503143916742,15.567338483206738]},"properties":{"Biome":"Taiga","variant":1,"scale":1.007,"icon":"forest-taiga-1"}},{"type":"Feature","geometry":{"type":"Point","coordinates":[27.589462266538206,17.33903487642189]},"properties":{"Biome":"Taiga","variant":0,"scale":1.096,"icon":"forest-taiga-0"}},{"type":"Feature","geometry":{"type":"Point","coordinates":[19.315875863498118,20.258746593792907]},"properties":{"Biome":"Taiga","variant":2,"scale":0.952,"icon":"forest-taiga-2"}},{"type":"Feature","geometry":{"type":"Point","coordinates":[28.719704747675223,15.181037146099603]},"properties":{"Biome":"Taiga","variant":1,"scale":0.899,"icon":"forest-taiga-1"}},{"type":"Feature","geometry":{"type":"Point","coordinates":[28.135494033273734,19.755122722684543]},"properties":{"Biome":"Taiga","variant":1,"scale":0.986,"icon":"forest-taiga-1"}},{"type":"Feature","geometry":{"type":"Point","coordinates":[28.83744152777022,16.895416969504062]},"properties":{"Biome":"Taiga","variant":1,"scale":1.112,"icon":"forest-taiga-1"}},{"type":"Feature","geometry":{"type":"Point","coordinates":[18.25866952842316,18.477865236520007]},"properties":{"Biome":"Taiga","variant":1,"scale":1.053,"icon":"forest-taiga-1"}},{"type":"Feature","geometry":{"type":"Point","coordinates":[28.036579573572723,20.060838167107743]},"properties":{"Biome":"Taiga","variant":2,"scale":0.917,"icon":"forest-taiga-2"}},{"type":"Feature","geometry":{"type":"Point","coordinates":[20.321055420260322,17.991855969401865]},"properties":{"Biome":"Taiga","variant":1,"scale":0.955,"icon":"forest-taiga-1"}},{"type":"Feature","geometry":{"type":"Point","coordinates":[27.95621859794538,15.53553592949366]},"properties":{"Biome":"Taiga","variant":1,"scale":0.982,"icon":"forest-taiga-1"}},{"type":"Feature","geometry":{"type":"Point","coordinates":[18.500173722782385,18.714902850804748]},"properties":{"Biome":"Taiga","variant":2,"scale":0.985,"icon":"forest-taiga-2"}},{"type":"Feature","geometry":{"type":"Point","coordinates":[29.063766293656126,16.267433381432614]},"properties":{"Biome":"Taiga","variant":0,"scale":0.985,"icon":"forest-taiga-0"}},{"type":"Feature","geometry":{"type":"Point","coordinates":[27.687123074083118,18.031091515378687]},"properties":{"Biome":"Taiga","variant":2,"scale":0.905,"icon":"forest-taiga-2"}},{"type":"Feature","geometry":{"type":"Point","coordinates":[24.589112105814724,18.563728106646426]},"properties":{"Biome":"Taiga","variant":1,"scale":0.944,"icon":"forest-taiga-1"}},{"type":"Feature","geometry":{"type":"Point","coordinates":[21.91077813402999,17.569056543887086]},"properties":{"Biome":"Taiga","variant":1,"scale":0.973,"icon":"forest-taiga-1"}},{"type":"Feature","geometry":{"type":"Point","coordinates":[28.021618888833526,16.55762758330288]},"properties":{"Biome":"Taiga","variant":2,"scale":1.028,"icon":"forest-taiga-2"}},{"type":"Feature","geometry":{"type":"Point","coordinates":[24.02518108966912,18.25968224749928]},"properties":{"Biome":"Taiga","variant":1,"scale":1.026,"icon":"forest-taiga-1"}},{"type":"Feature","geometry":{"type":"Point","coordinates":[27.83697161852126,20.846089948571926]},"properties":{"Biome":"Taiga","variant":0,"scale":0.999,"icon":"forest-taiga-0"}},{"type":"Feature","geometry":{"type":"Point","coordinates":[21.824645020486784,26.973343421973667]},"properties":{"Biome":"Taiga","variant":2,"scale":0.943,"icon":"forest-taiga-2"}},{"type":"Feature","geometry":{"type":"Point","coordinates":[22.117068191401575,25.307560866866933]},"properties":{"Biome":"Taiga","variant":2,"scale":1.093,"icon":"forest-taiga-2"}},{"type":"Feature","geometry":{"type":"Point","coordinates":[20.44161710619699,25.010338727805372]},"properties":{"Biome":"Taiga","variant":0,"scale":0.881,"icon":"forest-taiga-0"}},{"type":"Feature","geometry":{"type":"Point","coordinates":[19.121490801618013,29.765090963546317]},"properties":{"Biome":"Taiga","variant":2,"scale":1.013,"icon":"forest-taiga-2"}},{"type":"Feature","geometry":{"type":"Point","coordinates":[19.22602305208318,30.71051219593637]},"properties":{"Biome":"Taiga","variant":1,"scale":1.073,"icon":"forest-taiga-1"}},{"type":"Feature","geometry":{"type":"Point","coordinates":[13.799125733422883,31.560702151321504]},"properties":{"Biome":"Taiga","variant":2,"scale":0.891,"icon":"forest-taiga-2"}},{"type":"Feature","geometry":{"type":"Point","coordinates":[16.43025485272565,33.769822122419534]},"properties":{"Biome":"Taiga","variant":1,"scale":1.091,"icon":"forest-taiga-1"}},{"type":"Feature","geometry":{"type":"Point","coordinates":[19.64652037843066,35.71768707746093]},"properties":{"Biome":"Taiga","variant":0,"scale":1.026,"icon":"forest-taiga-0"}},{"type":"Feature","geometry":{"type":"Point","coordinates":[14.88602823284734,31.61137346843884]},"properties":{"Biome":"Taiga","variant":0,"scale":1.087,"icon":"forest-taiga-0"}},{"type":"Feature","geometry":{"type":"Point","coordinates":[20.774284846366527,35.67020093320449]},"properties":{"Biome":"Taiga","variant":2,"scale":1.079,"icon":"forest-taiga-2"}},{"type":"Feature","geometry":{"type":"Point","coordinates":[22.972311901482634,-46.631689090612966]},"properties":{"Biome":"Taiga","variant":2,"scale":1.024,"icon":"forest-taiga-2"}},{"type":"Feature","geometry":{"type":"Point","coordinates":[24.797680304214214,-46.30157348843231]},"properties":{"Biome":"Taiga","variant":2,"scale":0.987,"icon":"forest-taiga-2"}},{"type":"Feature","geometry":{"type":"Point","coordinates":[24.096392009287477,-47.85700551561237]},"properties":{"Biome":"Taiga","variant":1,"scale":0.95,"icon":"forest-taiga-1"}},{"type":"Feature","geometry":{"type":"Point","coordinates":[22.899398318055198,-48.57150731470037]},"properties":{"Biome":"Taiga","variant":2,"scale":0.987,"icon":"forest-taiga-2"}},{"type":"Feature","geometry":{"type":"Point","coordinates":[23.825410098332597,-48.61850232183488]},"properties":{"Biome":"Taiga","variant":0,"scale":1.05,"icon":"forest-taiga-0"}},{"type":"Feature","geometry":{"type":"Point","coordinates":[23.80151229781288,-50.648359669629315]},"properties":{"Biome":"Taiga","variant":1,"scale":0.896,"icon":"forest-taiga-1"}},{"type":"Feature","geometry":{"type":"Point","coordinates":[24.402467029461583,10.28047219111719]},"properties":{"Biome":"Taiga","variant":0,"scale":1.034,"icon":"forest-taiga-0"}},{"type":"Feature","geometry":{"type":"Point","coordinates":[22.78510746990639,10.297097381170643]},"properties":{"Biome":"Taiga","variant":1,"scale":1.011,"icon":"forest-taiga-1"}},{"type":"Feature","geometry":{"type":"Point","coordinates":[22.941369679521884,29.761747251779]},"properties":{"Biome":"Taiga","variant":2,"scale":1.098,"icon":"forest-taiga-2"}},{"type":"Feature","geometry":{"type":"Point","coordinates":[21.044598542904566,31.29782880659639]},"properties":{"Biome":"Taiga","variant":1,"scale":1.027,"icon":"forest-taiga-1"}},{"type":"Feature","geometry":{"type":"Point","coordinates":[22.15379214377891,32.69237331269314]},"properties":{"Biome":"Taiga","variant":1,"scale":0.953,"icon":"forest-taiga-1"}},{"type":"Feature","geometry":{"type":"Point","coordinates":[26.26595073619123,-50.09833321973444]},"properties":{"Biome":"Taiga","variant":1,"scale":1.039,"icon":"forest-taiga-1"}},{"type":"Feature","geometry":{"type":"Point","coordinates":[26.12421130378969,-48.20344747792344]},"properties":{"Biome":"Taiga","variant":1,"scale":1.012,"icon":"forest-taiga-1"}},{"type":"Feature","geometry":{"type":"Point","coordinates":[24.31019153760848,26.550848129209502]},"properties":{"Biome":"Taiga","variant":1,"scale":0.894,"icon":"forest-taiga-1"}},{"type":"Feature","geometry":{"type":"Point","coordinates":[24.746594184043644,30.956608625532468]},"properties":{"Biome":"Taiga","variant":1,"scale":0.909,"icon":"forest-taiga-1"}},{"type":"Feature","geometry":{"type":"Point","coordinates":[26.240869369113803,32.370174700011766]},"properties":{"Biome":"Taiga","variant":0,"scale":1.055,"icon":"forest-taiga-0"}},{"type":"Feature","geometry":{"type":"Point","coordinates":[25.33681646654646,31.713404670314876]},"properties":{"Biome":"Taiga","variant":1,"scale":1.043,"icon":"forest-taiga-1"}},{"type":"Feature","geometry":{"type":"Point","coordinates":[26.304452221956502,32.97393244381461]},"properties":{"Biome":"Taiga","variant":0,"scale":1.068,"icon":"forest-taiga-0"}},{"type":"Feature","geometry":{"type":"Point","coordinates":[29.856040376722795,-50.106587373680405]},"properties":{"Biome":"Taiga","variant":0,"scale":0.967,"icon":"forest-taiga-0"}},{"type":"Feature","geometry":{"type":"Point","coordinates":[29.551585181218712,-46.91968737589366]},"properties":{"Biome":"Taiga","variant":1,"scale":1.075,"icon":"forest-taiga-1"}},{"type":"Feature","geometry":{"type":"Point","coordinates":[29.890154266439044,-51.39186039029196]},"properties":{"Biome":"Taiga","variant":1,"scale":1.079,"icon":"forest-taiga-1"}},{"type":"Feature","geometry":{"type":"Point","coordinates":[30.855125660422505,-47.30642406072877]},"properties":{"Biome":"Taiga","variant":2,"scale":0.932,"icon":"forest-taiga-2"}},{"type":"Feature","geometry":{"type":"Point","coordinates":[29.067158755627425,-46.28001893239662]},"properties":{"Biome":"Taiga","variant":2,"scale":1.004,"icon":"forest-taiga-2"}},{"type":"Feature","geometry":{"type":"Point","coordinates":[28.098910774383103,-48.436905974198716]},"properties":{"Biome":"Taiga","variant":0,"scale":0.948,"icon":"forest-taiga-0"}},{"type":"Feature","geometry":{"type":"Point","coordinates":[26.99267101010326,12.719863407112816]},"properties":{"Biome":"Taiga","variant":0,"scale":1.064,"icon":"forest-taiga-0"}},{"type":"Feature","geometry":{"type":"Point","coordinates":[39.70804226252418,-46.29645509202707]},"properties":{"Biome":"Taiga","variant":1,"scale":1.081,"icon":"forest-taiga-1"}},{"type":"Feature","geometry":{"type":"Point","coordinates":[41.682385471993896,-44.888606578468234]},"properties":{"Biome":"Taiga","variant":0,"scale":1.027,"icon":"forest-taiga-0"}},{"type":"Feature","geometry":{"type":"Point","coordinates":[35.96949506339035,-47.50989041105707]},"properties":{"Biome":"Taiga","variant":0,"scale":0.983,"icon":"forest-taiga-0"}},{"type":"Feature","geometry":{"type":"Point","coordinates":[39.65971052381457,-49.528917404167025]},"properties":{"Biome":"Taiga","variant":2,"scale":1.027,"icon":"forest-taiga-2"}},{"type":"Feature","geometry":{"type":"Point","coordinates":[33.180191493767,-48.31170859803357]},"properties":{"Biome":"Taiga","variant":2,"scale":0.897,"icon":"forest-taiga-2"}},{"type":"Feature","geometry":{"type":"Point","coordinates":[41.986321448417705,-48.19376311901271]},"properties":{"Biome":"Taiga","variant":0,"scale":1.003,"icon":"forest-taiga-0"}},{"type":"Feature","geometry":{"type":"Point","coordinates":[34.75944624467293,-49.420347093805205]},"properties":{"Biome":"Taiga","variant":0,"scale":1.018,"icon":"forest-taiga-0"}},{"type":"Feature","geometry":{"type":"Point","coordinates":[36.89490819325448,-46.76692100460622]},"properties":{"Biome":"Taiga","variant":1,"scale":0.946,"icon":"forest-taiga-1"}},{"type":"Feature","geometry":{"type":"Point","coordinates":[36.10248888299195,-46.97482361422705]},"properties":{"Biome":"Taiga","variant":1,"scale":0.961,"icon":"forest-taiga-1"}},{"type":"Feature","geometry":{"type":"Point","coordinates":[41.22758341846637,-48.10105210992049]},"properties":{"Biome":"Taiga","variant":1,"scale":1.102,"icon":"forest-taiga-1"}},{"type":"Feature","geometry":{"type":"Point","coordinates":[33.846876032286836,-46.12158265481841]},"properties":{"Biome":"Taiga","variant":1,"scale":0.924,"icon":"forest-taiga-1"}},{"type":"Feature","geometry":{"type":"Point","coordinates":[42.633090588891996,-49.43294965764121]},"properties":{"Biome":"Taiga","variant":0,"scale":0.888,"icon":"forest-taiga-0"}},{"type":"Feature","geometry":{"type":"Point","coordinates":[43.19487885868821,-48.75596745703606]},"properties":{"Biome":"Taiga","variant":2,"scale":1.01,"icon":"forest-taiga-2"}},{"type":"Feature","geometry":{"type":"Point","coordinates":[35.255378490913444,-49.066953793239605]},"properties":{"Biome":"Taiga","variant":0,"scale":1.004,"icon":"forest-taiga-0"}},{"type":"Feature","geometry":{"type":"Point","coordinates":[43.07629226365677,-49.33385837572117]},"properties":{"Biome":"Taiga","variant":2,"scale":0.974,"icon":"forest-taiga-2"}},{"type":"Feature","geometry":{"type":"Point","coordinates":[42.1660218026651,-47.87014022923794]},"properties":{"Biome":"Taiga","variant":2,"scale":1.048,"icon":"forest-taiga-2"}},{"type":"Feature","geometry":{"type":"Point","coordinates":[38.85528205925831,-47.72638499890706]},"properties":{"Biome":"Taiga","variant":2,"scale":1.075,"icon":"forest-taiga-2"}},{"type":"Feature","geometry":{"type":"Point","coordinates":[31.45932809671532,15.152427660128332]},"properties":{"Biome":"Taiga","variant":2,"scale":0.895,"icon":"forest-taiga-2"}},{"type":"Feature","geometry":{"type":"Point","coordinates":[33.437759760163125,18.276324759048457]},"properties":{"Biome":"Taiga","variant":1,"scale":0.995,"icon":"forest-taiga-1"}},{"type":"Feature","geometry":{"type":"Point","coordinates":[32.30459118502133,18.51857945440694]},"properties":{"Biome":"Taiga","variant":2,"scale":1.015,"icon":"forest-taiga-2"}},{"type":"Feature","geometry":{"type":"Point","coordinates":[37.32992147591341,49.26073247314846]},"properties":{"Biome":"Taiga","variant":1,"scale":1.031,"icon":"forest-taiga-1"}},{"type":"Feature","geometry":{"type":"Point","coordinates":[35.882952535524765,49.140093266162076]},"properties":{"Biome":"Taiga","variant":1,"scale":1.064,"icon":"forest-taiga-1"}},{"type":"Feature","geometry":{"type":"Point","coordinates":[40.35497060192371,-35.19604152020429]},"properties":{"Biome":"Taiga","variant":1,"scale":0.887,"icon":"forest-taiga-1"}},{"type":"Feature","geometry":{"type":"Point","coordinates":[39.82666735273821,-34.90989101633365]},"properties":{"Biome":"Taiga","variant":1,"scale":0.937,"icon":"forest-taiga-1"}},{"type":"Feature","geometry":{"type":"Point","coordinates":[51.06623492562952,46.48881003550741]},"properties":{"Biome":"Taiga","variant":0,"scale":0.932,"icon":"forest-taiga-0"}},{"type":"Feature","geometry":{"type":"Point","coordinates":[40.523277596169144,48.0004747667952]},"properties":{"Biome":"Taiga","variant":1,"scale":0.965,"icon":"forest-taiga-1"}},{"type":"Feature","geometry":{"type":"Point","coordinates":[43.015315440473096,45.89616720418168]},"properties":{"Biome":"Taiga","variant":1,"scale":0.896,"icon":"forest-taiga-1"}},{"type":"Feature","geometry":{"type":"Point","coordinates":[41.08491104851894,49.46474795518763]},"properties":{"Biome":"Taiga","variant":2,"scale":0.925,"icon":"forest-taiga-2"}},{"type":"Feature","geometry":{"type":"Point","coordinates":[45.60732870362461,45.782119849629765]},"properties":{"Biome":"Taiga","variant":0,"scale":1.029,"icon":"forest-taiga-0"}},{"type":"Feature","geometry":{"type":"Point","coordinates":[40.803628663449096,47.875447967085655]},"properties":{"Biome":"Taiga","variant":0,"scale":0.915,"icon":"forest-taiga-0"}},{"type":"Feature","geometry":{"type":"Point","coordinates":[46.39904268145991,46.644360793842715]},"properties":{"Biome":"Taiga","variant":2,"scale":1.083,"icon":"forest-taiga-2"}},{"type":"Feature","geometry":{"type":"Point","coordinates":[45.81613095303576,47.874637568422436]},"properties":{"Biome":"Taiga","variant":0,"scale":0.904,"icon":"forest-taiga-0"}},{"type":"Feature","geometry":{"type":"Point","coordinates":[44.1317902496892,48.92077660167128]},"properties":{"Biome":"Taiga","variant":1,"scale":1.084,"icon":"forest-taiga-1"}},{"type":"Feature","geometry":{"type":"Point","coordinates":[47.56567031154484,-44.275699381686564]},"properties":{"Biome":"Taiga","variant":2,"scale":0.995,"icon":"forest-taiga-2"}},{"type":"Feature","geometry":{"type":"Point","coordinates":[46.11174112594053,-43.83505975234871]},"properties":{"Biome":"Taiga","variant":0,"scale":1.013,"icon":"forest-taiga-0"}},{"type":"Feature","geometry":{"type":"Point","coordinates":[48.97735532963688,-43.14792298723698]},"properties":{"Biome":"Taiga","variant":2,"scale":1.044,"icon":"forest-taiga-2"}},{"type":"Feature","geometry":{"type":"Point","coordinates":[51.4146738973101,-41.93518849024777]},"properties":{"Biome":"Taiga","variant":1,"scale":0.901,"icon":"forest-taiga-1"}},{"type":"Feature","geometry":{"type":"Point","coordinates":[52.26218217880191,-43.00667949118334]},"properties":{"Biome":"Taiga","variant":2,"scale":1.011,"icon":"forest-taiga-2"}},{"type":"Feature","geometry":{"type":"Point","coordinates":[77.13839443111023,-31.15107760912811]},"properties":{"Biome":"Taiga","variant":0,"scale":0.979,"icon":"forest-taiga-0"}},{"type":"Feature","geometry":{"type":"Point","coordinates":[53.06758805401138,43.57235434936167]},"properties":{"Biome":"Taiga","variant":2,"scale":0.979,"icon":"forest-taiga-2"}},{"type":"Feature","geometry":{"type":"Point","coordinates":[54.068395885396804,44.105709954758524]},"properties":{"Biome":"Taiga","variant":0,"scale":1.022,"icon":"forest-taiga-0"}},{"type":"Feature","geometry":{"type":"Point","coordinates":[49.451535561482,47.609820493020315]},"properties":{"Biome":"Taiga","variant":1,"scale":0.965,"icon":"forest-taiga-1"}}]}